Address,Lat,Long
1 ULLAKKO RD,46.35097,-123.81263
10 KOVEN ROAD,46.367306,-123.81674
10 RYE LANE,46.587673,-123.619364
10 SPRUCE LANE,46.646225,-123.924553
10 WASHINGTON CEMETERY RD,46.69611,-123.72903
1000 COLE AVENUE,46.674603,-123.68637
10006 SANDRIDGE ROAD,46.373966,-124.02704
1002 BARNHART,46.673607,-123.742004
1005 WASHINGTON AVENUE,46.3458956,-124.0534733
101 ELKHORN RD,46.778465,-123.72841
1010 202ND LANE,46.448452,-124.05475
1010 CROSSING ST,46.674866,-123.70374
1010 VIRGINIA,46.67198,-123.78014
1010 WILLAPA FIRST,46.673839,-123.668618
1010 WILLAPA ROAD,46.673813,-123.66936
1011 POPLAR LANE,46.67337,-123.74894
1013 DURYEA STREET,46.686638,-123.72477
1014 STATE ROUTE 4,46.365868,-123.77608
1015 227TH LN #150,46.467056,-124.055534
10157 US HWY 101,46.747894,-123.74946
10179 US HWY 101,46.742626,-123.746086
1018 DURYEA STREET,46.686626,-123.724724
10181 US HWY 101,46.742676,-123.746124
102 LEBAM ROAD,46.562958,-123.56392
102 RAFF ROAD,46.38315,-123.73018
1020 MUELLER ST,46.674263,-123.70789
10200 SANDRIDGE ROAD,46.376053,-124.0268
1026 BALLENTINE STREET,46.67325,-123.74075
1029 WILLAPA ROAD,46.67355,-123.669334
1030 STATE ROUTE 4,46.36558,-123.77512
1030 WILLAPA RD,46.673615,-123.66936
1030 WILLAPA ROAD,46.673615,-123.66936
10307 SANDRIDGE ROAD,46.376717,-124.02675
1033 QUINCY STREET,46.672707,-123.7849
1035 BRADFORD STREET,46.673065,-123.745766
1036 BARNHART ST,46.67324,-123.742004
1042 CROSSING STREET,46.67483,-123.70374
1043 HOWARD STREET,46.693512,-123.74662
10430 US HWY 101,46.761677,-123.754456
105 19TH STREET NE,46.3661627,-124.0531962
105 DIXON ROAD,46.74969,-123.76045
105 NORTH VALLEY ROAD,46.371998,-123.77158
1051 SUMMIT AVENUE,46.672054,-123.784
10515 PACIFIC WAY,46.379265,-124.053055
1054 POPLAR LN,46.673138,-123.74893
10584 US HWY 101,46.7762,-123.74213
106 24TH STREET NE,46.369553,-124.05324
1060 FOWLER STREET,46.672886,-123.739365
10612 US HIGHWAY 101,46.783863,-123.74095
1063 SUMMIT AVENUE,46.67219,-123.783844
107 NORTH VALLEY RD,46.371998,-123.77099
1070 PROSPECT,46.671535,-123.78316
1070 WHIPPLE AVENUE,46.741783,-124.08341
1071 STATE ROUTE 4 UNIT 342A,46.36394,-123.77006
108 28TH ST NW,46.373554,-124.05375
108 QUINCY ST,46.663888,-123.787356
1080 BONNIE LN,46.75375,-124.083626
1081 STATE ROUTE 4,46.363388,-123.76916
1089 STATE RT 4,46.363392,-123.767499
109 23RD STREET NE,46.3689,-124.05327
109 HARRISON STREET,46.6633895,-123.7829684
10904 SANDRIDGE RD,46.38045,-124.02631
1092 STATE ROUTE 4,46.3625471,-123.7678862
11 ECKY LANE,46.365746,-123.78617
110 SOUTH BEND PALIX ROAD,46.61254,-123.9067
1100 322ND ST,46.535313,-124.05423
1101 WASHINGTON AVE,46.34529,-124.05343
1102 DIVISION AVE,46.671764,-123.71431
1102 SUMMIT AVENUE,46.6832,-123.74756
1103 WILLAPA AVENUE,46.660652,-123.83057
1104 PAULDING STREET,46.672604,-123.68292
1104 WILLAPA STREET,46.69384,-123.74185
1105 195TH ST,46.44356,-124.055511
1105 WILLAPA STREET,46.69384,-123.74184
1107 LAKE STREET,46.6727,-123.71686
1107 SALMON CREEK ROAD,46.407071,-123.677273
1108 303RD PLACE,46.521534,-124.052666
1109 196TH PLACE,46.4441315,-124.0529113
111 RICHTER RD,46.62379,-123.65761
1110 187TH PLACE,46.437744,-124.054405
1110 WATER ST,46.69392,-123.73827
1111 DURYEA STREET,46.68665,-123.72387
1112 GODFREY ST,46.693882,-123.74425
1112 STATE ROUTE 4,46.360534,-123.767122
1112 WASHINGTON AVENUE N,46.360535,-124.05204
1119 DURYEA ST,46.68665,-123.72379
1119 GODFREY ST,46.69393,-123.74424
112 28TH ST NW,46.373558,-124.05394
1120 GAYLORD ST,46.69396,-123.74307
1120 GODFREY ST,46.693947,-123.744255
1120 LUDINGTON AVENUE,46.673847,-123.68895
1120 WILLAPA STREET,46.693974,-123.74185
1121 CEDAR ST,46.693977,-123.74062
1121 CEDAR STREET,46.693977,-123.74062
1122 DURYEA ST,46.68664,-123.723755
1122 HOWARD STREET,46.693863,-123.74724
1124 HARRISON AVE,46.6735,-123.74703
1125 SHERMAN AVENUE,46.684002,-123.74841
1127 GODFREY ST,46.693996,-123.74424
1127 LARCH STREET,46.694042,-123.73945
1128 STATE RT 6,46.614353,-123.64229
11313 PACIFIC HIGHWAY,46.3496271,-124.054848
1133 BALLENTINE STREET,46.67188,-123.74071
1134 MILL CREEK ROAD,46.633263,-123.53062
1135 LINDGREN ROAD,46.771385,-124.0801
1135 WATER STREET,46.69412,-123.73826
1137 STATE ROUTE 4,46.359882,-123.76384
1139 STATE ROUTE 4,46.35981,-123.76373
114 AIRPORT ROAD,46.686226,-123.78814
1140 DEAL STREET,46.673103,-123.68416
1140 FOWLER STREET,46.67167,-123.73898
1143 CEDAR STREET,46.694168,-123.74062
1143 WILLAPA ST,46.69416,-123.74184
1144 HOWARD STREET,46.69405,-123.747246
1145 DEAL STREET,46.673065,-123.68414
1148 PAULDING STREET,46.67257,-123.68292
1155 PAULDING STREET,46.672886,-123.682915
1158 BALLENTINE ST,46.671623,-123.74071
1169 PROSPECT AVENUE,46.673843,-123.78066
1172 STATE ROUTE 4,46.35672,-123.760261
1172 STATE RT 4,46.35672,-123.760261
1180 PAULDING STREET,46.672543,-123.68292
119 ELK CREEK ROAD,46.710255,-123.71419
1192 STATE ROUTE 4,46.354911,-123.759188
1198 STATE ROUTE 4,46.355582,-123.758032
12 BREEN ROAD,46.539368,-123.47114
120 ELK CREEK ROAD,46.707287,-123.71239
120 NORTH VALLEY RD,46.37196,-123.76887
120 STRINGTOWN ROAD,46.30912,-123.983955
1200 302ND ST,46.520676,-124.05228
1201 187TH PLACE,46.437756,-124.05447
1203 PARK AVENUE,46.69339,-123.74775
1203 QUINAULT ST,46.6768177,-123.719811
1204 311TH STREET,46.527466,-124.052734
1204 GODFREY STREET,46.694874,-123.74426
1205 201ST LANE,46.447803,-124.053215
1206 320TH PLACE,46.53414,-124.05053
1208 188TH PLACE,46.438297,-124.05374
1208 218TH LANE,46.46008,-124.05407
1209 201ST LN,46.447803,-124.053185
121 ALEXANDER ROAD,46.65747,-123.65972
1210 DURYEA STREET,46.686665,-123.722786
1211 LARCH ST,46.694874,-123.73946
1211 PARK AVENUE,46.693413,-123.74769
1211 WILLAPA ST,46.69477,-123.741844
1212 266TH PL,46.495148,-124.05249
1212 BELMONT ROAD,46.672073,-123.691444
1212 FOWLER STREET,46.67068,-123.739174
1213 HENKLE ST,46.68198,-123.729965
1216 196TH ST,46.443978,-124.054001
1217 GODFREY ST,46.694824,-123.74425
1218 GODFREY ST,46.69538,-123.744255
1218 GODFREY STREET,46.69538,-123.744255
1219 LARCH STREET,46.694942,-123.73946
1220 LARCH ST,46.694958,-123.73948
1220 TOWER AVENUE,46.687492,-123.72272
1221 WILLAPA FIRST ST,46.671826,-123.667309
12211 Y PLACE,46.390491,-124.042023
123 TRAP CREEK LANE,46.547203,-123.61614
1230 FOWLER STREET,46.670612,-123.739204
1234 QUINCY STREET,46.67561,-123.781624
1234 SHERMAN AVE,46.68326,-123.74888
1234 WATER ST,46.694935,-123.73829
1235 FOWLER ROAD,46.66956,-123.739395
1235 HOWARD STREET,46.694916,-123.747246
1235 MILL STREET,46.695072,-123.73709
12415 PACIFIC WAY,46.386574,-124.05285
1242 MILL STREET,46.695072,-123.73711
1245 STATE RT 6,46.60663,-123.63296
1251 RAYMOND-SOUTH BEND RD,46.674133,-123.74905
1253 QUINCY,46.67607,-123.78108
126 NEMAH VALLEY ROAD,46.515114,-123.84776
1262 STATE ROUTE 6,46.604496,-123.63017
1275 UDELL-HANSEN ROAD,46.764965,-124.07343
12803 Y PLACE,46.3950298,-124.0416206
12912 N ALLEY,46.395485,-124.0536
1293 DOLAN STREET,46.671074,-123.679245
130 NORTH VALLEY RD,46.37198,-123.77028
13008 BIRCH ST,46.39663,-124.039246
1301 120TH PLACE,46.38893,-124.05511
1302 324TH PLACE,46.537018,-124.05128
1302 DURYEA STREET,46.68667,-123.72181
1303 MILL STREET,46.69525,-123.73709
1303 UDELL-HANSEN RD,46.76508,-124.07192
1304 145TH PL,46.407345,-124.053215
1304 TOWER AVENUE,46.687504,-123.722176
1305 145TH PL,46.40738,-124.05429
1305 198TH PL,46.445892,-124.054054
1305 PARK AVE,46.693684,-123.74649
1306 324TH PLACE,46.537018,-124.05125
1308 FOWLER,46.669346,-123.739728
131 HYLAND STRINGER ROAD,46.58434,-123.65031
1310 216TH LANE,46.458454,-124.05499
1311 264TH PLACE,46.493713,-124.05179
1311 314TH PLACE,46.529613,-124.05214
1313 280TH PL,46.505207,-124.05264
1313 TOWER AVENUE,46.687515,-123.72212
1314 164TH PL,46.420746,-124.05385
1317 PAULDING STREET,46.67115,-123.68271
1319 LACKIE ROAD,46.668972,-123.68802
132 AIRPORT ROAD,46.687202,-123.78955
1320 179TH LANE,46.43196,-124.05165
1320 BLAKE STREET,46.68469,-123.72161
1320 LARCH STREET,46.69601,-123.73948
13201 PACIFIC WAY,46.39704,-124.05297
13208 N PACIFIC WAY,46.39721,-124.05294
1321 STATE ROUTE 4,46.35475,-123.742424
13220 SANDRIDGE ROAD,46.4004,-124.02356
133 FALL RIVER ROAD,46.766045,-123.51471
1335 MORRIS AVE,46.678562,-123.720566
1337 LARCH STREET,46.696186,-123.739456
13402 T LN,46.3990108,-124.0476654
13406 N PLACE,46.3994667,-124.0530492
13406 TEAL LANE,46.39895,-124.02029
1345 BELMONT RD,46.67202,-123.69142
13509 SANDRIDGE ROAD,46.3993,-124.02374
1357 GRUHN ROAD,46.669674,-123.694496
1357 SALMON CREEK ROAD,46.4122,-123.66157
136 WILSON LANE,46.639034,-123.934395
1361 ANDREW STREET,46.671448,-123.69278
1367 STATE ROUTE 4,46.35447,-123.73683
1368 STATE ROUTE 401,46.319424,-123.80056
13802 SANDRIDGE RD,46.40239,-124.02328
13807 BIRCH ST,46.401768,-124.03913
1386 PAULDING ST,46.67066,-123.68198
139 OVERMEYER ROAD,46.697407,-123.694405
14 AIRPORT ROAD,46.68307,-123.77798
14 KASANDRA LANE,46.371784,-123.76868
14 SUNSET RD,46.609267,-123.9570114
140 28TH ST NW,46.3736808,-124.0556007
140 KNAPPTON ROAD,46.350296,-123.81292
1400 104TH LANE,46.377903,-124.05382
1400 138TH STREET,46.4021859,-124.0540616
1401 120TH PLACE,46.388935,-124.05446
1404 167TH LN,46.422676,-124.053764
1404 FOWLER ROAD,46.668606,-123.73869
1404 GROVE AVENUE,46.69634,-123.74533
1405 303RD PLACE,46.52173,-124.05113
1405 OCEAN BEACH BLVD N,46.360798,-124.05477
1406 281ST PLACE,46.505882,-124.05075
1407 PARK AVENUE,46.6937,-123.74524
1409 295TH STREET,46.515846,-124.050514
1410 275TH PL,46.50175,-124.0516
1410 300TH PLACE,46.519787,-124.050476
1410 301ST PLACE,46.520546,-124.051506
1410 48TH PL #A-14,46.336994,-124.052021
1410 48TH PLACE UNIT A-1,46.336994,-124.052021
1412 189TH PL,46.439354,-124.05309
1414 194TH PL,46.4430635,-124.0520469
142 S VALLEY RD,46.367207,-123.798454
142 SOUTH FORK ROAD,46.633033,-123.673104
142 UPPER NASELLE ROAD,46.370876,-123.76069
1420 48TH PLACE UNIT #B-4,46.336424,-124.05167
1420 PORTOLA AVENUE,46.697334,-123.74239
14214 BIRCH STREET,46.404957,-124.039024
1425 RAYMOND SOUTH BEND RD,46.671276,-123.75144
1428 232ND LN,46.47041,-124.053314
1435 LARCH ST,46.697796,-123.739494
144 MONOHON LANDING RD,46.69583,-123.72729
14405 BIRCH STREET,46.406006,-124.03904
14408 BIRCH STREET,46.40602,-124.039024
1450 ARMSTRONG ROAD,46.669193,-123.678474
146 SOUTH VALLEY ROAD,46.36706,-123.79816
1470 ARMSTRONG ST,46.669647,-123.67981
1481 PACIFIC AVENUE,46.677727,-123.71841
1483 BLOOMHARDT ROAD,46.667942,-123.71938
1487 ANDERSON LANE,46.697067,-123.738884
14904 BIRCH STREET,46.40981,-124.03916
14918 SANDRIDGE RD,46.409595,-124.02256
15 BEZEMER ROAD,46.691383,-123.68608
15 CAMP ONE ROAD,46.645885,-123.65984
15 ULLAKKO ROAD,46.350967,-123.8123
15 WILSON LANE,46.636772,-123.92196
150 SOUTH FORK ROAD,46.627693,-123.69299
1500 300TH PLACE,46.51999,-124.050064
15003 BIRCH ST,46.41018,-124.03916
15007 SANDRIDGE ROAD,46.411026,-124.022446
1501 179TH PLACE,46.431973,-124.051865
1501 186TH LANE,46.436928,-124.05199
1501 LARCH ST,46.698586,-123.73952
15024 PACIFIC WAY,46.41116,-124.05219
1504 196TH STREET,46.443764,-124.05193
1504 268TH PL,46.496544,-124.04945
1504 323RD AVENUE,46.536297,-124.04977
1504 PACIFIC AVENUE N,46.36198,-124.053955
1504 PARK AVENUE,46.6937,-123.7441
1504 SE IDAHO ST,46.34246,-124.05254
1505 KRAUSE RD,46.668003,-123.69036
1507 300TH PL,46.520027,-124.04989
1507 OCEAN BEACH BLVD N,46.361095,-124.05475
1507 WHEATON STREET,46.669483,-123.67584
1508 187TH PLACE,46.43773,-124.052055
1509 229TH PLACE,46.468334,-124.0522
1510 208TH PLACE,46.452824,-124.051544
1512 171ST PLACE,46.426006,-124.05259
1514 198TH ST,46.445385,-124.05208
1515 177TH STREET,46.43015,-124.052345
1515 178TH PLACE,46.43134,-124.0524
1519 222ND PLACE,46.463104,-124.051025
15301 PACIFIC WAY,46.404415,-124.05244
15311 BIRCH STREET,46.412704,-124.03906
15314 SANDRIDGE ROAD,46.412716,-124.02226
1540 ARMSTRONG ROAD,46.668655,-123.6784
15407 SANDRIDGE ROAD,46.413326,-124.02221
15410 SANDRIDGE RD,46.413067,-124.022224
1542 BLOOMHARDT RD,46.667538,-123.719086
15507 BIRCH STREET,46.414246,-124.03901
1556 STATE ROUTE 401,46.3432,-123.81394
15603 SANDRIDGE ROAD,46.41406,-124.02213
158 S FORK ROAD,46.63245,-123.67049
1580 134TH LANE,46.399105,-124.04885
15808 SANDRIDGE RD,46.416695,-124.021835
1581 134TH PL,46.39915,-124.052414
15813 BIRCH STREET,46.417065,-124.038895
159 NORTH NEMAH ROAD E,46.5152,-123.8697
159 UPPER NASELLE ROAD,46.371113,-123.759445
16 HUNGRY HARBOR LANE,46.263153,-123.84551
16 WILLIAMS CREEK ROAD,46.520226,-123.877235
160 NORTH NEMAH ROAD,46.515846,-123.87113
1600 222ND PLACE,46.463093,-124.05067
1600 WASHINGTON AVENUE N,46.362816,-124.05117
1601 WASHINGTON AVENUE N,46.362816,-124.051186
1603 PARK AVE,46.69372,-123.74295
1603 WASHINGTON AVENUE N,46.362835,-124.051186
1604 198TH PLACE,46.44582,-124.04947
1605 196TH LANE,46.44395,-124.050705
1607 HARVARD,46.67537,-123.71679
1608 222ND PLACE,46.463093,-124.05064
1608 KRAUS ROAD,46.665752,-123.690346
1608 OREGON AVE N,46.3629,-124.052666
1608 WASHINGTON AVENUE SOUTH,46.341553,-124.053535
161 LILLY WHEATON ROAD,46.624584,-123.63259
161 UPPER NASELLE ROAD,46.37134,-123.757904
1610 IDAHO AVENUE N,46.362774,-124.0505
16105 SANDRIDGE RD,46.419777,-124.021515
1611 208TH PLACE,46.452812,-124.05055
1611 OCEAN BEACH BLVD S #3,46.341474,-124.057026
1612 208TH PLACE,46.4528,-124.05053
1613 PARK AVENUE,46.69372,-123.74284
1615 WASHINGTON AVE N,46.36296,-124.05118
1616 RIDDELL STREET,46.694687,-123.7428
1624 STATE ROUTE 401,46.35353,-123.81551
1635 LARSON ROAD,46.667606,-123.69131
166 CAMP ONE ROAD,46.65516,-123.66311
166 SKEES ROAD,46.55211,-123.56907
1670 STATE ROUTE 6,46.677498,-123.716774
16710 PACIFIC WAY,46.36676,-124.05374
168 STAUFFER ROAD,46.586906,-123.62136
169 N VALLEY ROAD,46.37373,-123.76675
17 GOLDAU ROAD,46.587757,-123.62177
17 MAPLE LEAF STREET,46.62633,-123.652054
17 MC KINNEY ROAD,46.558014,-123.56411
17 NORTH VALLEY ROAD,46.371838,-123.78247
1700 194TH ST,46.44245,-124.04982
1701 195TH ST,46.443275,-124.04975
17010 SANDRIDGE ROAD,46.42468,-124.02102
1702 179TH LN,46.431664,-124.0509
1703 222ND PL,46.463097,-124.050224
1704 200TH LANE,46.44703,-124.048294
1704 208TH PLACE,46.45279,-124.04962
1706 STATE ROUTE 101,46.313673,-124.025214
1707 HECKARD ROAD,46.666725,-123.6777
1708 266TH,46.49507,-124.04812
1710 S 7TH ST,46.347388,-124.050235
1717 195TH ST,46.443275,-124.0496
1717 KRAUSE ROAD,46.666283,-123.69033
1720 STATE ROUTE 105,46.69372,-123.74154
17215 MILL LN,46.4259,-124.02699
1730 FOWLER RD,46.665497,-123.733574
1731 KRAUSE ROAD,46.66617,-123.69033
17316 SANDRIDGE ROAD,46.427284,-124.0212
17511 MILL LN,46.42848,-124.027176
1755 NELSON ROAD,46.66548,-123.694405
176 WARD CREEK,46.689484,-123.65588
17708 SANDRIDGE RD,46.431534,-124.02214
17708 SANDRIDGE ROAD,46.431534,-124.02214
17820 PACIFIC WAY,46.366787,-124.05374
1788 NELSON ROAD,46.665054,-123.69505
179 LILLY WHEATON ROAD,46.62538,-123.632614
17901 MILL LANE,46.431942,-124.027176
18 LESHOWITZ LANE,46.369064,-123.765915
1800 FOWLER ROAD,46.664444,-123.73208
18000 SANDRIDGE ROAD,46.432865,-124.02246
1801 201ST ST,46.447575,-124.048325
1801 249TH PLACE,46.48284,-124.048325
1801 OYSTERVILLE ROAD,46.548134,-124.05102
1803 194TH ST,46.44246,-124.048035
1804 200TH LN,46.447006,-124.04744
1805 PARK AVENUE,46.693737,-123.7405
1808 OCEAN BCH BLVD S,46.3400308,-124.0563921
1808 PARK AVENUE,46.693726,-123.740456
1809 245TH STREET,46.479534,-124.04719
1810 229TH PLACE,46.468155,-124.047455
1811 226TH PLACE,46.46587,-124.047134
1815 GARFIELD ST,46.69292,-123.740234
1817 224TH PLACE,46.464466,-124.047195
1824 198TH PL,46.445827,-124.04726
1829 198TH PL,46.446014,-124.046831
1830 PARK AVENUE,46.69373,-123.740234
18409 SANDRIDGE ROAD,46.43531,-124.023026
18716 SANDRIDGE ROAD,46.437565,-124.02349
1878 STATE ROUTE 6,46.556463,-123.61059
1880 FOWLER ROAD,46.66382,-123.7319
18901 SANDRIDGE ROAD,46.438763,-124.023766
190 N NEMAH ROAD EAST,46.514538,-123.866745
1901 196TH ST,46.44373,-124.04862
1904 222ND PLACE,46.463013,-124.0462
1904 320TH PLACE,46.534058,-124.04522
1907 321ST PLACE,46.53479,-124.04547
1909 196TH ST,46.44373,-124.04857
1911 CALIFORNIA AVENUE S,46.339775,-124.05563
1911 OCEAN BEACH BLVD S,46.339518,-124.056801
1915 195TH ST,46.44326,-124.04734
1915 208TH PL,46.45278,-124.047554
1920 BLOOMHARDT ROAD,46.66303,-123.720726
19308 SANDRIDGE ROAD,46.441906,-124.02445
19405 K PLACE,46.442665,-124.056009
19407 K PLACE,46.442879,-124.056003
19408 K PL,46.442593,-124.05568
19409 K PLACE,46.443046,-124.056003
1957 FOWLER ROAD,46.662758,-123.73163
2 ECKY LANE,46.36584,-123.78631
2 MOSHER LN,46.3709,-123.76153
2 NASELLE ROAD,46.371677,-123.8052
20 FRANCES ROAD,46.54443,-123.52282
20 SPRUCE LANE,46.6642828,-123.8065857
200 24TH ST NE,46.36952,-124.05216
2000 201ST STREET,46.447678,-124.045425
2000 224TH PLACE,46.464447,-124.04589
20003 SANDRIDGE ROAD,46.447006,-124.02646
2001 HARVARD STREET,46.67546,-123.71068
2002 179TH LN,46.431778,-124.04559
2002 224TH PL,46.464447,-124.045876
2002 HENKLE STREET,46.677933,-123.71014
2003 224TH PLACE,46.46446,-124.04589
2003 CRANBERRRY ROAD,46.39523,-124.04656
2003 FOWLER ROAD,46.661617,-123.73132
2005 WASHINGTON AVENUE N,46.3668,-124.050995
2005 WILLIAMS ST,46.67695,-123.71063
2006 224TH PLACE,46.464447,-124.04585
2007 41ST PL,46.332245,-124.047615
201 NE 23RD ST,46.368877,-124.052216
20101 U LN,46.447716,-124.0452
20102 S ST,46.447723,-124.0475
2014 JOE JOHNS ROAD,46.512096,-124.04399
2015 226TH PL,46.465866,-124.04579
202 16TH ST S,46.34197,-124.05573
202 8TH STREET,46.684753,-123.72737
202 EIGHTH STREET,46.684753,-123.72737
20209 CRANE PL,46.448338,-124.03761
20211 CRANE PLACE,46.448475,-124.03771
20215 P PLACE,46.448166,-124.05002
20217 P PL,46.448177,-124.05002
2025 HENKLE ST,46.67805,-123.71055
20303 PACIFIC WAY,46.4491919,-124.053167
2032 WILLIAMS STREET,46.67694,-123.71031
2034 HARVARD STREET,46.675465,-123.710304
20401 BIRCH LN,46.44874,-124.03903
205 14TH STREET,46.685223,-123.72081
2051 BLOOMHARDT RD,46.6666191,-123.7189283
20524 CRANE PLACE,46.45045,-124.037735
2053 301ST LANE,46.52055,-124.0511
20601 BIRCH PL,46.45111,-124.039085
20610 CRANE PL,46.451344,-124.03769
20619 BIRCH PLACE,46.451237,-124.03911
20701 CRANE PLACE,46.451344,-124.037704
20703 BIRCH PL,46.451836,-124.03911
20711 PACIFIC WAY,46.45348,-124.052536
20716 CRANE PLACE,46.452133,-124.0364
20718 CRANE PLACE,46.452137,-124.0364
20721 CRANE PLACE,46.45173,-124.03776
208 SW 11TH ST,46.345487,-124.055982
20801 CRANE PLACE,46.45185,-124.037735
20807 CRANE PL,46.451862,-124.03773
20813 CRANE PLACE,46.45187,-124.03773
209 12TH STREET,46.684837,-123.72294
20916 PACIFIC WAY,46.453568,-124.05257
21 HURT RD,46.562916,-123.62114
210 18TH STREET NE,46.3654439,-124.051588
2100 285TH LANE,46.508507,-124.043724
21006 BIRCH PL,46.454727,-124.037285
2101 BAY AVE,46.49155,-124.04418
21014 BIRCH PLACE,46.454765,-124.03726
2102 229TH PL,46.467983,-124.04485
2103 265TH PL,46.494247,-124.04369
2104 272ND STREET,46.498928,-124.043846
2104 HENKLE STREET,46.678347,-123.709158
2104 KLAHANEE DRIVE SW,46.305077,-124.051315
2107 208TH PLACE,46.452747,-124.04508
2109 RIDDELL STREET,46.69464,-123.736916
211 13TH STREET,46.68486,-123.72188
21107 PACIFIC WAY,46.455173,-124.05297
2114 MICHIGAN AVENUE,46.676006,-123.7608
2115 282ND LN,46.50669,-124.04356
21204 J PL,46.5198711,-124.0541844
21211 PACIFIC WAY,46.455997,-124.053024
2122 250TH ST,46.482983,-124.04413
21310 BIRCH PL,46.456333,-124.037834
2133 BUSH AVENUE,46.695114,-123.736046
214 FIR STREET,46.683147,-123.74844
214 KNAPPTON ROAD,46.356762,-123.81234
21403 PACIFIC WAY,46.457077,-124.05296
21411 Q LN,46.45802,-124.04973
2144 BUSH AVE,46.695103,-123.73562
2153 BUSH AVENUE,46.695114,-123.73557
21609 SANDRIDGE ROAD,46.458286,-124.02962
217 11TH STREET,46.684914,-123.72401
217 ASH STREET,46.682842,-123.74969
218 STATE ROUTE 6,46.675404,-123.70463
2185 RAYMOND SOUTH BEND RD,46.669896,-123.760979
219 12TH STREET,46.68492,-123.72294
220 BUTTE CREEK ROAD,46.710365,-123.73855
22002 BIRCH PL,46.46162,-124.037964
2201 300TH PL,46.519554,-124.042305
2204 SID SNYDER DRIVE,46.345202,-124.045777
2205 231ST LANE,46.46951,-124.04413
2209 266TH PLACE,46.494843,-124.04276
2209 SID SNYDER DRIVE,46.3458146,-124.0452055
2210 266TH PLACE,46.494778,-124.039696
2211 272ND STREET,46.49892,-124.04264
2217 227TH PLACE,46.466507,-124.04442
222 12TH STREET #2,46.684956,-123.72295
2221 BUSH AVE,46.695236,-123.73473
223 KNAPPTON ROAD,46.357197,-123.81232
22306 BIRCH PLACE,46.463913,-124.037224
22310 BIRCH PLACE,46.46393,-124.037224
224 STATE ROUTE 6,46.675343,-123.7045
22408 SANDRIDGE RD,46.4641,-124.02943
22409 PACIFIC HIGHWAY,46.464516,-124.05262
22415 V STREET,46.46451,-124.04433
22416 S PLACE,46.4649464,-124.046464
225 N VALLEY ROAD,46.37389,-123.760956
2257 BUSH AVENUE,46.695374,-123.73409
226 ASH ST,46.68363,-123.74934
22607 SOUTH PLACE,46.4658964,-124.0466507
22617 PACIFIC WAY,46.466053,-124.05255
22701 U ST,46.466637,-124.04496
2280 STATE RT 6,46.67612,-123.70615
229 8TH STREET,46.68497,-123.727356
23 BALE ROAD,46.683746,-123.778206
23 DOYLE ROAD,46.565113,-123.58881
23 PARPALA ROAD,46.36648,-123.814575
2300 285TH LANE,46.508472,-124.04033
2304 265TH PL,46.49421,-124.041664
2304 300TH PL,46.51954,-124.04132
2307 SID SNYDER DRIVE,46.346304,-124.043856
231 14TH STREET,46.685326,-123.72082
2311 275TH LN,46.501278,-124.042175
2311 HARVARD STREET,46.675568,-123.70691
2312 WASHINGTON AVENUE N,46.369545,-124.05081
2320 DODGE ST,46.563316,-123.55465
2323 HECKARD ROAD,46.658745,-123.681
2327 SANDELL,46.674767,-123.70583
233 25TH ST NW,46.369871,-124.058889
23409 PACIFIC WAY,46.472145,-124.05231
23412 BIRCH PL,46.470448,-124.03757
23502 BIRCH PLACE,46.471725,-124.03707
236 13TH STREET,46.68508,-123.72189
23616 SANDRIDGE ROAD,46.472935,-124.02917
237 14TH STREET,46.68535,-123.72082
2371 KELSEY STREET,46.675533,-123.70392
23716 J PL,46.47486,-124.05519
2375 COLORADO AVENUE,46.6746919,-123.7651099
2380 STATE ROUTE 6,46.67573,-123.705315
23804 K PL,46.47508,-124.055534
23807 K PLACE,46.47508,-124.05555
23812 J PLACE,46.513123,-124.05483
23819 HOPE PLACE,46.47454,-124.03081
23829 ISLE PLACE,46.474632,-124.029884
2383 BLOOMHARDT ROAD,46.65842,-123.72598
239 25TH STREET NW,46.370149,-124.060935
23904 L LANE,46.47591,-124.054054
2392 BLOOMHARDT RD,46.658287,-123.72607
24 MOORE ROAD,46.623695,-123.950615
240 STRINGTOWN ROAD,46.319412,-124.00893
24004 GILE LANE,46.47654,-124.030655
24013 J LANE,46.514977,-124.05476
2403 265TH PLACE,46.494213,-124.04123
2404 HUNT ST,46.67358,-123.702995
2405 BAY AVENUE,46.49156,-124.041016
24108 GILE PLACE,46.47712,-124.03112
24116 V LN,46.47745,-124.04348
2417 275TH PLACE,46.501236,-124.041565
24204 ASH PL,46.477432,-124.03792
24207 BIRCH PL,46.477486,-124.03691
24208 SANDRIDGE ROAD,46.477276,-124.03046
24211 GILE PLACE,46.477688,-124.031586
2429 EVERGREEN PARK RD,46.788254,-124.07937
243 CAMP ONE ROAD,46.656994,-123.6681
2436 STATE RT 6,46.557957,-123.541466
24401 ELM PLACE,46.479195,-124.03358
24402 U STREET,46.47873,-124.04456
24409 ELM PLACE,46.479504,-124.033676
24409 P STREET,46.47905,-124.049995
24424 SANDRIDGE ROAD,46.478252,-124.03122
24506 P STREET,46.47972,-124.049965
24516 Y LANE,46.47956,-124.04012
24530 V LN,46.479614,-124.04339
24604 GILES PL,46.4914875,-124.0501628
24608 SANDRIDGE RD,46.479683,-124.03238
24618 BIRCH PL,46.47973,-124.037094
24621 BIRCH PLACE,46.480392,-124.03725
2468 STATE ROUTE 105,46.785076,-124.084236
24703 DELL PLACE,46.481174,-124.034966
24718 P STREET,46.481445,-124.0499
24727 P STREET,46.48208,-124.04992
24811 DELL PLACE,46.48172,-124.035286
2489 STATE ROUTE 105,46.784063,-124.085424
24902 J PLACE,46.48227,-124.055466
24908 J PLACE,46.482292,-124.055466
24908 PARK AVENUE,46.48301,-124.05136
25004 SANDRIDGE RD,46.483097,-124.034164
25005 Z PL,46.48375,-124.03875
25006 Z PL,46.483757,-124.038734
25009 Z PLACE,46.48376,-124.03875
25020 SANDRIDGE RD,46.48321,-124.03416
2504 242ND LANE,46.477505,-124.04
2507 66TH PLACE,46.35054,-124.042694
2508 265TH PLACE,46.49437,-124.03929
2511 66TH PL,46.35054,-124.04266
25209 SANDRIDGE RD,46.489902,-124.03394
2541 EVERGREEN PARK ROAD,46.781693,-124.07907
2562 EVERGREEN PARK ROAD,46.780666,-124.078964
258 STATE ROUTE 105,46.684011,-123.761628
2591 NORTH RIVER ROAD,46.775684,-123.52073
2597 NORTH RIVER ROAD,46.775665,-123.520096
2601 250TH ST,46.482944,-124.039856
2603 SEA CREST AVENUE N,46.371251,-124.054725
2604 SEACREST AVENUE NORTH,46.37128,-124.05444
2605 242ND PLACE,46.477463,-124.03887
2605 NORTH RIVER RD,46.77565,-123.51925
2607 247TH PLACE,46.481113,-124.038994
261 CAMP ONE ROAD,46.65848,-123.66875
2610 240TH PLACE,46.476143,-124.03875
2610 248TH PLACE,46.482002,-124.03868
2610 SEA CREST AVE N,46.371774,-124.054167
26109 Z STREET,46.49059,-124.03906
2612 247TH PL,46.481094,-124.038475
2615 357TH LANE,46.560802,-124.0357
262 UPPER NASELLE ROAD,46.3717,-123.74472
2620 245TH STREET,46.479275,-124.039246
26215 SANDRIDGE ROAD,46.4922,-124.03373
2625 OLDANI RD,46.66844,-123.69793
263 JOE ROCKEY ROAD,46.662807,-123.73349
263 RAYMOND SOUTH BEND RD,46.666243,-123.768762
266 JOE ROCKEY ROAD,46.662834,-123.731834
266 STRINGTOWN ROAD,46.312702,-123.99578
26607 VERNON AVENUE,46.49537,-124.04989
26612 RIDGE AVENUE,46.495224,-124.04884
267 OXBOW ROAD,46.5852,-123.63424
26812 K LANE,46.49937,-124.05371
269 ELK CREEK ROAD,46.716133,-123.708381
269 MILL CREEK ROAD,46.646172,-123.620771
26915 PARK AVENUE,46.497444,-124.05268
27 PENNY LN,46.62862,-123.634796
270 JOE ROCKEY ROAD,46.662834,-123.73184
2700 235TH LANE,46.47167,-124.03822
27011 VERNON AVENUE,46.498074,-124.04979
27012 N PLACE,46.4984853,-124.0505495
2702 SEA CREST AVENUE,46.3723079,-124.054142
2704 240TH PLACE,46.47614,-124.038185
2705 233RD LANE,46.470352,-124.038376
2705 277TH LN,46.50035,-124.0336
2705 SEA CREST AVE,46.3730038,-124.0543693
2707 234TH LN,46.471,-124.037735
2708 SEA CREST AVENUE,46.372843,-124.054118
2709 245TH STREET,46.47928,-124.03792
2709 SEA CREST AVE,46.373033,-124.054645
2710 224TH ST,46.464302,-124.037415
2710 SEA CREST AVE,46.373021,-124.05411
2713 344TH LANE,46.55106,-124.03745
2714 217TH STREET,46.45884,-124.037895
2718 232ND LN,46.47007,-124.04369
2720 212TH PLACE,46.4547,-124.03871
2721 STATE ROUTE 6,46.54297,-123.50962
2721 STATE RT 101,46.3311372,-124.027505
27212 PARK AVE,46.500076,-124.05259
2722 234TH LN,46.471,-124.03788
27229 U STREET,46.499836,-124.044
2723 NORTH RIVER ROAD,46.775276,-123.501976
2725 234TH LANE,46.471,-124.037895
2726 212TH PLACE,46.45474,-124.03867
27309 SANDRIDGE ROAD,46.499702,-124.03348
274 NORTH VALLEY RD,46.373707,-123.76026
274 STATE ROUTE 105,46.68232,-123.762758
2740 HEATHER RD,46.77491,-124.07765
27411 X LN,46.50047,-124.0406
2742 STATE ROUTE 6,46.542366,-123.50649
2743 EMERSON AVE,46.54256,-123.5046
2745 EMERSON AVENUE,46.542545,-123.50451
275 SOUTH VALLEY ROAD,46.364517,-123.78226
27508 V STREET,46.501472,-124.04271
27525 Q LN,46.50151,-124.048355
276 STATE RT 6,46.672306,-123.69948
27604 R LANE,46.502563,-124.04742
27618 X LANE,46.502098,-124.04036
2768 STATE ROUTE 105,46.77287,-124.08201
27701 O ST,46.50337,-124.050026
27702 O PLACE,46.503384,-124.05001
27707 Q LANE,46.502182,-124.04838
2774 STATE ROUTE 6,46.542107,-123.50519
2777 EMERSON AVENUE,46.54212,-123.50216
27812 M PLACE,46.50389,-124.051735
27813 L PL,46.50372,-124.05294
27813 L PLACE,46.50372,-124.05294
2783 STATE ROUTE 101,46.336317,-123.9747
27840 Y PLACE,46.503757,-124.03935
27846 Y PL,46.50383,-124.039345
27895 Y PLACE,46.503487,-124.039375
279 PARPALA ROAD,46.373814,-123.82924
27904 J LANE,46.503864,-124.05594
2800 224TH STREET,46.4642,-124.03795
2802 225TH PLACE,46.46537,-124.03729
2803 225TH PLACE,46.46538,-124.0373
2803 231ST LANE,46.468918,-124.03759
2805 228TH PLACE,46.467033,-124.03771
2807 225TH PL,46.46538,-124.037285
281 NORTH VALLEY ROAD,46.373547,-123.75692
2810 219TH ST,46.46044,-124.03713
2811 219TH STREET,46.460453,-124.03713
28114 Q STREET,46.506115,-124.04808
2812 NORTH RIVER ROAD,46.775005,-123.48059
2818 228TH LANE,46.466965,-124.0376
28218 W LANE,46.507153,-124.04147
2825 234TH LN,46.470978,-124.0368
2827 231ST LANE,46.46892,-124.03748
2827 233RD LANE,46.47033,-124.03743
28332 SANDRIDGE RD,46.508926,-124.03231
28409 U STREET,46.507904,-124.043785
28440 Z LANE,46.508266,-124.03865
285 NORTH VALLEY ROAD,46.373535,-123.75663
28517 U STREET,46.508896,-124.04377
28533 W LN,46.50883,-124.041435
28602 X LANE,46.510147,-124.040306
28611 SANDRIDGE ROAD,46.50863,-124.03265
28613 Z STREET,46.509617,-124.038574
28617 X LANE,46.50951,-124.040344
2868 STATE ROUTE 6,46.540955,-123.49464
28707 SANDRIDGE ROAD,46.50972,-124.031364
2879 STATE ROUTE 6,46.541103,-123.4989
2880 OLDANI ROAD,46.668434,-123.69668
28811 SANDRIDGE ROAD,46.511158,-124.029655
28811 U ST,46.510662,-124.0437
289 KNAPPTON ROAD,46.36294,-123.81182
289 N NEMAH RD,46.511765,-123.85395
28909 V LN,46.51149,-124.042465
29 HOLTZ ROAD,46.611534,-123.906876
29 RICHTER ROAD,46.62302,-123.65495
29001 H STREET,46.5132,-124.056725
29007 N STREET,46.512524,-124.050804
29008 M LANE,46.512367,-124.05202
29010 T LANE,46.51235,-124.044785
29011 S LANE,46.512367,-124.04585
29012 S LANE,46.512383,-124.04584
29014 R STREET,46.51241,-124.04689
29014 S LANE,46.512398,-124.04584
29018 H STREET,46.512905,-124.0567
2902 212TH LANE,46.455788,-124.036575
2902 REDDING RD,46.7681,-124.0729
2905 212TH LN,46.455585,-124.03728
2906 217TH STREET,46.45876,-124.03726
2906 219TH STREET,46.460438,-124.03686
29204 T LN,46.514156,-124.04474
29206 O STREET,46.513542,-124.049675
29306 O STREET,46.514053,-124.04966
29307 O STREET,46.514366,-124.04967
29310 R STREET,46.514168,-124.04684
29318 S LANE,46.514668,-124.04576
294 STATE ROUTE 105,46.681582,-123.76508
29408 O STREET,46.514576,-124.049644
29411 T LANE,46.51489,-124.04472
29412 T LN,46.514626,-124.044716
2950 STATE ROUTE 101,46.338806,-123.952378
29503 JOY LANE,46.515274,-124.02777
29507 M PL,46.51604,-124.05181
29508 K ST,46.518513,-124.05408
29509 G ST,46.51622,-124.05706
29514 K PL,46.51604,-124.05354
29519 G STREET,46.51629,-124.05706
29522 N STREET,46.51614,-124.05066
29524 I ST,46.51627,-124.05513
29612 K PLACE,46.51681,-124.053535
29615 O LN,46.516727,-124.04963
29621 K ST,46.518642,-124.054085
297 SMITH CREEK ROAD,46.74568,-123.71171
29715 K STREET,46.518757,-124.05408
29716 H STREET,46.5182,-124.056177
2980 272ND ST,46.49894,-124.03522
2987 STATE RT 6,46.551624,-123.53151
29920 W PL,46.519108,-124.041565
2998 ALEXSON ROAD,46.765533,-124.080505
30 MEADOW LANE,46.74016,-123.7341
300 PARPALA ROAD,46.381123,-123.84121
30006 G ST,46.52058,-124.057076
30016 M PLACE,46.51989,-124.05174
30016 U PLACE,46.519753,-124.04309
3002 202ND PLACE,46.447865,-124.03626
3003 WILLAPA RD,46.672874,-123.69825
3007 247TH PLACE,46.481167,-124.03441
301 STATE ROUTE 105,46.682457,-123.778946
3010 STATE RT 6,46.544247,-123.476494
30108 J PLACE,46.52048,-124.05436
30110 W ST,46.52063,-124.04163
30111 G STREET,46.520164,-124.05708
3019 STATE ROUTE 105,46.764977,-124.082924
302 BAY CENTER ROAD,46.608074,-123.953606
30205 M PLACE,46.520767,-124.051735
30205 X PLACE,46.52054,-124.03907
303 8TH STREET,46.685722,-123.727356
3035 OLDANI ROAD,46.668446,-123.69634
30408 J PL,46.52259,-124.05433
305 14TH STREET,46.685623,-123.72083
30500 J PLACE,46.523285,-124.05435
30500 K PLACE,46.52331,-124.05342
30501 K PL,46.52331,-124.053444
30504 L PL,46.523727,-124.05236
30506 I STREET,46.52334,-124.0552
30510 SANDRIDGE RD,46.522846,-124.03073
306 11TH STREET,46.6858,-123.72402
307 MILL CREEK ROAD,46.647335,-123.64217
30700 M PL,46.52428,-124.051254
30709 H ST,46.52506,-124.05659
30715 G STREET,46.525112,-124.05742
30808 G STREET,46.525585,-124.05743
30810 M PL,46.525635,-124.05124
30817 STACKPOLE LANE,46.524754,-124.03877
309 9TH STREET SE,46.3465583,-124.0526346
30909 SANDRIDGE RD,46.52591,-124.03075
30911 L PL,46.526073,-124.052345
31 HURT ROAD,46.56291,-123.62168
31 WILSON LANE,46.637173,-123.92368
31006 O PLACE,46.526894,-124.04937
31007 G STREET,46.526768,-124.057495
31007 SANDRIDGE RD,46.526478,-124.03074
3105 318TH STREET,46.53417,-124.03222
311 11TH STREET,46.685833,-123.72401
311 PIONEER ROAD EAST,46.367542,-124.05044
31102 O PLACE,46.52764,-124.049355
31105 H STREET,46.527573,-124.05654
31107 L ST,46.527664,-124.05284
31109 G STREET,46.527714,-124.057526
3119 SANDRIDGE RD,46.325356,-124.04746
3119 SANDRIDGE ROAD,46.325356,-124.04746
312 8TH STREET SOUTH,46.3470725,-124.0518445
31200 N PL,46.52797,-124.05056
31204 M STREET,46.527996,-124.05165
31205 I ST,46.528294,-124.05496
31207 G STREET,46.528275,-124.05755
31211 L STREET,46.528126,-124.05285
31211 N PLACE,46.528632,-124.050861
31304 O PLACE,46.528786,-124.049324
31307 SANDRIDGE ROAD,46.52935,-124.03069
31308 J PL,46.528877,-124.05396
31309 M STREET,46.528408,-124.05165
315 12TH STREET,46.685883,-123.722946
315 CAMP ONE ROAD,46.65948,-123.66851
31508 J PLACE,46.53034,-124.05394
31512 J PLACE,46.530373,-124.05393
31605 I ST #G,46.530857,-124.05542
317 OXBOW ROAD,46.585255,-123.62645
31704 G ST,46.53153,-124.05768
31714 G STREET,46.532635,-124.05773
318 12TH STREET,46.685917,-123.72296
319 SID SNYDER DRIVE,46.345886,-124.05104
31902 J PL,46.533447,-124.05438
3199 WILLAPA RD,46.672462,-123.696236
32 ELLIOTT ROAD,46.6645,-123.77365
32 SWARTZ LANE,46.663948,-123.76996
32 VIKING WAY,46.622646,-123.65094
320 10TH STREET NE,46.3459223,-124.0527157
3201 ROMANE ROAD,46.669106,-123.69501
3202 318TH STREET,46.534164,-124.03187
3204 113TH LANE,46.383907,-124.03442
3204 113TH LN,46.383907,-124.03442
3208 113TH LANE,46.383904,-124.03419
321 11TH STREET,46.685913,-123.724014
321 12TH STREET,46.685932,-123.722946
32101 G STREET,46.534687,-124.05788
32105 I ST,46.534344,-124.05543
32108 K PLACE,46.53687,-124.05302
32110 K PLACE,46.536858,-124.05302
322 13TH STREET,46.68596,-123.72189
322 7TH STREET,46.685898,-123.72856
32202 DOUGLAS DR,46.535915,-124.033066
32203 DOUGLAS DRIVE,46.53593,-124.033066
32203 I STREET,46.5354,-124.055435
32210 N PLACE,46.535812,-124.050014
32211 R PL,46.535378,-124.04611
323 8TH STREET,46.68589,-123.72736
32301 Q STREET,46.536255,-124.04756
32304 T PLACE,46.53604,-124.04398
32306 H PL,46.514294,-124.056725
32307 I ST,46.536224,-124.05546
32400 DOUGLAS DR,46.537186,-124.032906
3244 SIENKO RD,46.666767,-123.6938
32508 J PLACE,46.537865,-124.0543
3267 SMITH ANDERSON ROAD,46.75506,-124.066635
327 JOE ROCKY ROAD,46.662804,-123.732956
32702 G STREET,46.53867,-124.05808
32811 J PLACE,46.54009,-124.05426
32901 R LN,46.491528,-124.04754
33007 I STREET,46.540977,-124.05554
3302 ROMANE RD,46.669193,-123.69435
3303 102ND PLACE,46.375416,-124.03216
3303 SIENKO ROAD,46.66674,-123.693825
3304 224TH LANE,46.463424,-124.032968
3304 238TH PLACE,46.47436,-124.030685
3310 281ST STREET,46.50529,-124.03167
33107 J PLACE,46.541878,-124.05425
3311 ROMANE RD,46.669224,-123.69421
33200 J PL,46.542446,-124.054214
333 JOE ROCKEY RD,46.662804,-123.7329
33304 J PL,46.543076,-124.05421
33406 G STREET,46.544033,-124.05837
33406 I STREET,46.543957,-124.05547
33408 J PL,46.543705,-124.0542
33410 G STREET,46.544064,-124.05838
33433 DOUGLAS DRIVE,46.544006,-124.032776
335 CAMP ONE RD,46.65984,-123.668365
335 MILL CREEK RD,46.647327,-123.64216
33505 H PLACE,46.542355,-124.05602
33609 I STREET,46.54553,-124.055435
337 MONOHON LANDING RD,46.690155,-123.70071
337 STATE ROUTE 105,46.682407,-123.778694
33701 G ST,46.54636,-124.05851
33701 J PL,46.545605,-124.05418
33704 J PLACE,46.54562,-124.05416
33705 J PL,46.54562,-124.05418
33712 DOUGLAS DRIVE,46.544296,-124.03277
338 MONOHON LANDING ROAD,46.69006,-123.701584
33803 T PL,46.512287,-124.0448
34 BAY LANE,46.59672,-123.928215
34 BREEN ROAD,46.539303,-123.46986
340 PARPALA ROAD,46.386234,-123.84281
3409 224TH PL,46.464356,-124.030919
341 JOE ROCKY ROAD,46.662804,-123.73284
34206 J PLACE,46.55024,-124.05436
3435 WILLAPA ROAD,46.672966,-123.6918
3437 DOUGLAS STREET,46.7493,-124.08537
34409 J PL,46.55145,-124.054
348 PARPALA ROAD,46.386753,-123.84348
34801 J PLACE,46.55471,-124.054054
34808 G ST,46.555122,-124.05907
34810 G STREET,46.55515,-124.05907
34810 STACKPOLE ROAD,46.56984,-124.03436
3490 UDD ROAD,46.67252,-123.692215
34900 STACKPOLE RD,46.570583,-124.034195
35 MAPLE LEAF STREET,46.626293,-123.65368
35008 J PL,46.55734,-124.05385
35010 I PLACE,46.520157,-124.05498
3508 102ND STREET,46.375427,-124.03216
3515 224TH LANE,46.464345,-124.029826
35208 I PLACE,46.52084,-124.05502
35415 G STREET,46.558983,-124.0589
35510 STACKPOLE ROAD,46.5756,-124.03291
3553 LOUDERBACK ROAD,46.675312,-123.69001
3561 STATE ROUTE 105,46.7448,-124.08027
35708 G STREET,46.5606,-124.05918
35708 I ST,46.521107,-124.055046
3585 LIGNOSKI ROAD,46.65563,-123.68597
36 HYLAND STRINGER ROAD,46.58866,-123.63191
36 OVERMEYER ROAD,46.696938,-123.70673
3607 HUNT CLUBB ROAD,46.64472,-123.6762
3616 102ND PLACE,46.37542,-124.03049
3616 102ND ST,46.37542,-124.03049
362 STATE ROUTE 6,46.66751,-123.69376
363 SOUTH FORK ROAD,46.627693,-123.69299
3636 OLDANI ROAD,46.66848,-123.68838
3687 WILLOW LANE,46.741653,-124.08273
3698 LARKIN RD,46.73991,-124.07691
37 BALE ROAD,46.684013,-123.778206
3700 OLDANI ROAD,46.668488,-123.6877
3710 OLDANI ROAD,46.66849,-123.68759
3715 LIGNOSKI ROAD,46.65563,-123.685875
3720 RICHARDSON STREET,46.6756,-123.68848
3721 PACIFIC WAY,46.329693,-124.05497
3721 TAMERACK ST,46.73979,-124.0809
3739 STATE RT 105,46.7398473,-124.0775671
374 WEAVER AVENUE,46.66992,-123.73745
375 MONOHON LANDING ROAD,46.69052,-123.69655
3765 LARKIN ROAD,46.739918,-124.07494
38 HYLAND STRINGER RD,46.5888,-123.63211
3800 102ND ST,46.375416,-124.028946
3800 199TH COURT,46.445312,-124.02756
3801 WILLAPA ROAD,46.672585,-123.686874
3804 BURKHALTER ROAD,46.67205,-123.68558
3807 102ND ST,46.3754,-124.02842
3808 BURKHALTER ROAD EXT.,46.67203,-123.68561
3811 CRANBERRY RD,46.395924,-124.02847
3812 SANDRIDGE ROAD,46.330207,-124.043309
3818 199TH COURT,46.445213,-124.02776
385 MONOHON LANDING ROAD,46.690704,-123.69438
39 FRANCIS ROAD,46.54276,-123.51614
39 MONOHAN LANDING ROAD,46.694286,-123.73246
39 RUE CREEK RD,46.621709,-123.650591
3900 199TH CT,46.44437,-124.02793
399 BUTTE CREEK ROAD,46.741714,-123.70988
4 MARTIN LANE,46.61594,-123.64437
4 NYBERG ROAD,46.346867,-123.812775
4 ROBERTSON RD,46.562927,-123.560646
4 ROBERTSON ROAD,46.562927,-123.560646
4 VIKING WAY,46.624496,-123.65088
4004 MARSHALL ST,46.672447,-123.68303
401 MONOHON LANDING ROAD,46.690857,-123.69254
401 OCEAN BEACH BLVD N,46.35334,-124.055176
4012 155TH ST,46.413853,-124.022385
4014 L PL,46.331795,-124.05587
402 28TH STREET NW,46.37423,-124.05817
41 HANEN ROAD,46.56079,-123.61375
41 RUE CREEK ROAD,46.621906,-123.64842
4103 180TH PLACE,46.43246,-124.02486
4119 142ND LN,46.40493,-124.02632
416 EIGHTH STREET,46.687035,-123.7274
416 WELSH STREET,46.67942,-123.738556
42 HOLTZ ROAD,46.612133,-123.90682
420 12TH STREET,46.687107,-123.72298
4201 TRESIZE ROAD,46.67935,-123.68292
4204 SANDRIDGE RD,46.333378,-124.04402
4208 SANDRIDGE RD,46.333397,-124.044014
4209 STRATTON ROAD,46.671513,-123.68152
422 FRANKLIN ST,46.68884,-123.73222
4220 OLDANI ROAD,46.6697706,-123.6824579
425 ELLIS ST,46.687847,-123.73155
427 WEAVER AVENUE,46.669926,-123.73817
428 BUTTE CREEK ROAD,46.74177,-123.70989
428 STATE ROUTE 105,46.683216,-123.7823
429 3RD ST,46.68699,-123.733345
43 MILL RANCH RD,46.434242,-123.89438
430 FIRST ST #209,46.687046,-123.73573
4300 TRESIZE ROAD,46.679344,-123.682625
4301 158TH LN,46.416214,-124.02254
4304 166TH LN,46.421978,-124.02391
431 STRINGTOWN ROAD,46.321594,-124.00928
432 RUE CREEK RD,46.615329,-123.675137
434 TWELFTH ST,46.687542,-123.72298
4340 WILLAPA ROAD,46.670128,-123.680504
435 7TH ST,46.687576,-123.72856
437 BAY CENTER ROAD,46.619709,-123.95361
439 MONOHON LANDING ROAD,46.691242,-123.68819
44 FAIRLEY ST,46.56408,-123.554306
44 MEADOW LN,46.741005,-123.73321
44 UPPER NASELLE RD,46.36748,-123.771416
4401 166TH LN,46.422,-124.02272
4404 SANDRIDGE RD,46.3350587,-124.0435644
442 WARD CREEK ROAD,46.709465,-123.645195
443 MONOHON LANDING ROAD,46.69128,-123.68773
4466 TRESIZE ROAD,46.679344,-123.68211
447 FIR,46.681576,-123.74838
449 SOUTH FORK RD,46.62978,-123.70294
45 BALE ROAD,46.684162,-123.778206
45 NEMAH VALLEY ROAD,46.51367,-123.85873
4550 WILLAPA RD,46.670082,-123.67691
456 RUE CREEK ROAD,46.617027,-123.68175
46 FAIRLEY STREET,46.56416,-123.554306
46 MARKLEY STREET,46.56246,-123.55608
4649 US HIGHWAY 101,46.430363,-123.85672
471 BAY CENTER ROAD,46.622235,-123.953127
471 SOUTH FORK RD,46.656696,-123.7239
471 SOUTH FORK ROAD,46.656696,-123.7239
48 UPPER NASELLE RD,46.367596,-123.77097
4807 SANDRIDGE RD,46.33723,-124.04309
482 RUE CREEK RD,46.618997,-123.680962
488 BUTTE CREEK RD,46.742096,-123.71001
488 STATE ROUTE 6,46.657143,-123.68519
49 N NEMAH RD E,46.520332,-123.8803
49 OXBOW RD,46.58023,-123.63763
4900 WILLAPA ROAD,46.670757,-123.67135
4914 113TH STREET,46.383553,-124.02153
4916 113TH STREET,46.383553,-124.02154
495 PARPALA RD,46.3955,-123.85047
5 HAMMOND ROAD,46.680954,-123.770195
5 MARTIN LN,46.615913,-123.64444
5 NYBERG ROAD,46.346878,-123.81273
5 TORPPA ROAD,46.37403,-123.80231
50 BALE ROAD,46.684258,-123.77819
50 HINES VALLEY ROAD,46.686554,-123.780754
501 12TH ST APT #1,46.687984,-123.72297
501 12TH STREET APT #1,46.687984,-123.72297
501 ELK PRAIRIE ROAD,46.538044,-123.478075
501 SHOREVIEW DR S #403,46.34808,-124.05819
501 SHOREVIEW DR S APT 308,46.34808,-124.05819
501 SHOREVIEW DRIVE S #402,46.34808,-124.05819
504 12TH ST,46.687996,-123.722984
505 11TH STREET,46.688,-123.72404
508 OSTMAN ROAD,46.66867,-123.73932
509 RUE CREEK ROAD,46.617573,-123.682076
514 12TH STREET,46.688026,-123.722984
514 MC KINLEY STREET,46.672287,-123.73936
514 MONOHON LANDING ROAD,46.687588,-123.68028
519 CHERRY ST,46.679256,-123.72102
52 NASELLE ROAD,46.37455,-123.802635
52 UPPER NASELLE ROAD,46.367725,-123.770386
5206 SANDRIDGE ROAD,46.339947,-124.04247
521 BALLENTINE ST,46.679756,-123.740814
524 3RD STREET,46.687847,-123.73321
524 LEE JOHNSON ROAD,46.667057,-123.737656
524 THIRD ST,46.687847,-123.73321
5240 SCHOOL ST,46.676407,-123.66797
525 JACKSON STREET,46.67607,-123.74021
527 MCKINLEY AVE,46.672287,-123.74017
53 STAUFFER ROAD,46.598316,-123.62409
5301 SCHOOL STREET,46.67642,-123.66722
537 OSTMAN ROAD,46.66868,-123.73986
5375 ROOSEVELT ST,46.674973,-123.665924
5404 SANDRIDGE ROAD,46.341377,-124.04214
5409 SCHOOL ST,46.67641,-123.66626
5411 SANDRIDGE ROAD,46.34143,-124.04214
545 BALLENTINE,46.679436,-123.74081
5455 CENTRAL STREET,46.67276,-123.66474
5471 SCHOOL STREET,46.676407,-123.66571
55 GILES LN,46.693638,-123.85282
550 FOWLER ST,46.679306,-123.739555
5501 CENTRAL STREET,46.673084,-123.66489
5501 SANDRIDGE ROAD,46.34239,-124.0419
5501 SCHOOL STREET,46.6764,-123.66522
5504 SANDRIDGE RD,46.34241,-124.04188
5533 SCHOOL ST,46.6764,-123.664986
555 MUELLER STREET,46.677654,-123.707375
556 MILL CREEK ROAD,46.629566,-123.59635
557 ELK PRAIRIE ROAD,46.53952,-123.47285
56 AIRPORT ROAD,46.68467,-123.783066
56 NYBERG ROAD,46.346962,-123.810425
5619 US HIGHWAY 101,46.50889,-123.88609
564 ELM ST,46.67877,-123.74709
5650 US HWY 101,46.511112,-123.885994
5651 US HWY 101,46.513195,-123.88593
5660 CENTRAL STREET,46.67214,-123.661995
568 FOWLER ST,46.67907,-123.73955
569 BARNHART STREET,46.67915,-123.74205
57 BUTZ RD,46.647747,-123.64042
57 ELK PRAIRIE ROAD,46.540417,-123.52241
5706 SCHOOL STREET,46.676384,-123.66409
5710 WILSON CREEK ROAD,46.67757,-123.66305
5715 WILSON CREEK RD,46.67757,-123.66305
5739 WILSON CREEK ROAD,46.67757,-123.66305
5811 SANDRIDGE ROAD,46.34428,-124.04146
584 ASH STREET,46.6786643,-123.7498384
584 ELM STREET,46.678665,-123.747086
585 STATE RT 401,46.270796,-123.819205
588 WARD CREEK ROAD,46.727375,-123.64205
590 RUE CREEK ROAD,46.624084,-123.68416
5907 SANDRIDGE ROAD,46.344868,-124.04133
60 BURKE RD,46.77969,-123.4832
602 BARNHART STREET,46.67846,-123.742065
608 CHERRY STREET,46.678314,-123.721016
609 336TH PL,46.545727,-124.05827
609 OSTMAN ROAD,46.668682,-123.74123
61 FRANCIS ROAD,46.54301,-123.51811
610 BARNHART STREET,46.678375,-123.742065
611 LINCOLN,46.678593,-123.74102
612 CHERRY ST,46.6783,-123.721016
615 OSTMAN ROAD,46.668694,-123.74134
618 BRADFORD STREET,46.67854,-123.746826
619 BARNHART STREET,46.678288,-123.74205
620 ELM STREET,46.67844,-123.747086
620 LINCOLN AVE,46.67858,-123.74113
6205 V PL,46.34684,-124.045296
621 OSTMAN RD,46.6687,-123.741455
622 HEATH STREET,46.68335,-123.7292
623 CHERRY STREET,46.678276,-123.721
625 WARD CREEK RD,46.72397,-123.64357
6299 WILSON CREEK ROAD,46.679996,-123.648384
631 STATE ROUTE 6,46.650143,-123.67285
635 BRADFORD ST,46.678555,-123.745804
6407 V PLACE,46.34852,-124.044945
645 BARNHART ST,46.678013,-123.74205
654 MILL CREEK ROAD,46.62527,-123.59634
654 STATE RT 6,46.649143,-123.66891
656 ELM STREET,46.677937,-123.74708
659 SMITH CREEK RD,46.753334,-123.681595
661 COLE AVENUE,46.677937,-123.68534
6610 SANDRIDGE ROAD,46.35033,-124.03326
662 PLUM ST,46.676487,-123.71976
668 COLE AVE,46.677677,-123.685356
669 WARD CREEK RD,46.726234,-123.642
6801 ORTELIUS DRIVE,46.318592,-124.008
6805 NEWT LANE,46.351288,-124.0273
6808 CHATTAM WAY,46.31756,-124.00736
6808 ORTELIUS DRIVE,46.318687,-124.00789
6810 V PL,46.351997,-124.044395
6810 V PLACE,46.351997,-124.044395
6811 ORTELIUS DR,46.31872,-124.00787
6815 ORTELIUS DRIVE,46.318764,-124.00781
6819 ORETELIUS DRIVE,46.318817,-124.00776
6885 US HWY 101,46.61744,-123.91548
6900 SANDRIDGE ROAD,46.352757,-124.03117
6902 ROCHELLE WAY,46.317463,-124.00585
6933 US HIGHWAY 101,46.620434,-123.91888
697 MILL CREEK ROAD,46.622574,-123.58827
697 WARD CREEK ROAD,46.72783,-123.641975
699 STATE ROUTE 4,46.37886,-123.81048
7 HOLM LANE,46.396847,-123.83624
7 KASANDRA LN,46.371834,-123.76866
7 MONOHON LANDING ROAD,46.693913,-123.73476
7 POLLARI ROAD,46.68233,-123.77571
70 CAMP ONE RD,46.647617,-123.65463
7003 ORTELIUS DRIVE,46.31895,-124.00438
7004 ORTELIUS DR,46.318947,-124.004326
7010 CAPT GRAY DR,46.31698,-124.00449
702 BARNHART STREET,46.677216,-123.74206
702 CHERRY STREET,46.677956,-123.72101
702 FOWLER STREET,46.6772,-123.73953
703 BRADFORD ST,46.677105,-123.74581
705 MAY STREET,46.676983,-123.73827
706 BRADFORD STREET,46.677063,-123.74582
708 PETERS ST,46.677086,-123.744545
709 OLIVE ST,46.67684,-123.70945
71 ELK PRAIRIE ROAD,46.540077,-123.52239
71 RUE CREEK ROAD,46.621914,-123.6496
710 FOWLER STREET,46.677116,-123.739525
7104 V PLACE,46.353776,-124.042852
711 PLUM STREET,46.67633,-123.7197
711 TAFT AVENUE,46.67105,-123.7415
711 WARD CREEK ROAD,46.728615,-123.64175
7115 SCARBORO LANE N,46.3191,-124.00344
716 PLUM STREET,46.676308,-123.71971
717 DURYEA ST,46.68661,-123.7283
718 ELM STREET,46.67696,-123.74706
719 MAIN STREET,46.674835,-123.7817999
720 WASHINGTON AVENUE,46.67731,-123.742355
7204 ORTELIUS DRIVE,46.31605,-124.002235
7207 CAPT GRAY DR,46.316505,-124.00326
721 WILLAPA AVE,46.661219,-123.821025
722 DURYEA STREET,46.6866,-123.72824
722 WILLAPA AVENUE,46.660343,-123.820823
727 JACKSON AVENUE,46.67608,-123.74242
727 MC KINLEY AVENUE,46.672264,-123.74237
727 WILLAPA SECOND STREET,46.676964,-123.66528
730 WILLAPA AVENUE,46.660337,-123.821813
7302 V PL,46.355263,-124.04409
735 FOWLER STREET,46.676865,-123.73951
743 ELM STREET,46.676712,-123.74705
745 BARNHART ST,46.67676,-123.742035
745 BARNHART STREET,46.67676,-123.742035
7484 US HIGHWAY 101,46.666622,-123.91886
75 ELK CREEK ROAD,46.70739,-123.7125
75 HYLAND STRINGER RD,46.58877,-123.63631
750 BALLENTINE STREET,46.676697,-123.74079
750 MAY ST,46.67658,-123.73829
7500 US HWY 101,46.667282,-123.91885
754 WILLAPA SECOND ST,46.677036,-123.66738
756 WILLAPA FOURTH STREET,46.67882,-123.66526
757 WILLAPA RD,46.677057,-123.668925
758 MAY STREET,46.67651,-123.73829
7601 US HWY 101,46.67748,-123.91489
774 SALMON CREEK RD,46.388012,-123.68362
777 WILLAPA FIRST STREET,46.67664,-123.66835
790 GARDEN STREET,46.677666,-123.70548
790 STATE ROUTE 4,46.376186,-123.79993
791 DEARBORN ST,46.676956,-123.76154
8 APPELO LANE,46.36416,-123.77117
8 HUDZIAK ROAD,46.577457,-123.61923
8 HYLAND-STRINGER ROAD,46.585682,-123.63195
800 STATE ROUTE 4,46.37628,-123.799286
800 TAFT AVENUE,46.671043,-123.74198
8005 SANDRIDGE RD,46.360344,-124.02886
8005 SANDRIDGE ROAD,46.360344,-124.02886
801 DURYEA ST,46.686615,-123.727295
802 COMMERCIAL STREET,46.685623,-123.72725
803 FOWLER ROAD,46.675972,-123.7395
805 CALIFORNIA AVE,46.665897,-123.78487
805 DURYEA STREET,46.686615,-123.72725
805 OYSTERVILLE ROAD,46.54797,-124.05644
806 WASHINGTON AVE S,46.34652,-124.052704
807 324TH PL,46.536995,-124.04989
807 355TH PLACE,46.55941,-124.05637
81 MONOHON LANDING ROAD,46.695843,-123.72729
810 340TH PL,46.548695,-124.05629
811 352ND PLACE,46.556965,-124.05872
811 353RD PLACE,46.55807,-124.0562
811 BIRD AVE,46.674572,-123.71565
811 DURYEA STREET,46.686615,-123.72719
812 347TH PL,46.553574,-124.0562
812 FOWLER STREET,46.67586,-123.73952
812 WYOMING ST,46.670475,-123.78467
813 BLAKE STREET,46.68467,-123.72721
814 CALIFORNIA ST,46.665894,-123.78471
817 STATE ROUTE 4,46.376816,-123.79581
818 FIR STREET,46.68224,-123.748405
818 STATE ROUTE 4,46.37688,-123.795166
818 WYOMING STREET,46.670475,-123.78458
819 BALLENTINE STREET,46.675766,-123.74077
820 CALIFORNIA STREET,46.665894,-123.78462
820 MAY STREET,46.67566,-123.73828
820 WILLAPA AVENUE,46.660365,-123.824846
824 WYOMING ST,46.670475,-123.78448
828 JACKSON AVE,46.675827,-123.744084
828 MAY STREET,46.67553,-123.73828
829 BALLENTINE ST,46.675655,-123.74077
829 CROSSING STREET,46.677,-123.7034
830 WILLAPA RD,46.67595,-123.669495
831 SEELEY STREET,46.675865,-123.74328
832 FOWLER STREET,46.675644,-123.73952
835 BALLENTINE STREET,46.67559,-123.74077
840 WILLAPA FIRST ST,46.675808,-123.6684
841 CROSSING ST,46.676792,-123.7034
842 BARNHART,46.675323,-123.74204
843 MUELLER ST,46.67594,-123.70732
844 BALLENTINE STREET,46.67548,-123.74078
844 SEELEY ST,46.6755,-123.74329
845 OLIVE ST,46.675877,-123.709435
85 ALEXANDER ROAD,46.65854,-123.66176
850 MAY STREET,46.675167,-123.738266
852 FIR STREET,46.68182,-123.74839
853 STATE RT 101,46.280334,-123.951272
858 BALLENTINE,46.675327,-123.74078
858 FOWLER STREET,46.675358,-123.73952
859 PETERS STREET,46.675312,-123.744545
860 PETERS STREET,46.67529,-123.74456
862 SMITH CREEK RD,46.751449,-123.650451
864 MUELLER STREET,46.67589,-123.70734
87 ELKHORN ROAD,46.77834,-123.73389
88 ALEXANDER ROAD,46.658417,-123.66153
88 HYLAND STRINGER ROAD,46.58686,-123.64281
888 STATE RT 4,46.37357,-123.788052
889 CHINOOK VALLEY RD,46.322605,-123.99286
898 STATE ROUTE 4,46.3742,-123.78795
9 KOVEN ROAD,46.367306,-123.81676
9 RHODESIA BEACH,46.613161,-123.9545
9 RUE CREEK ROAD,46.621619,-123.648428
90 RICHTER ROAD,46.62344,-123.66036
9003 SANDRIDGE ROAD,46.367542,-124.02756
901 344TH STREET,46.55108,-124.05492
902 324TH PL,46.53709,-124.056015
904 WILLAPA RD,46.674908,-123.66942
905 OCEAN BCH BLVD N,46.357475,-124.05496
905 OCEAN BEACH BLVD N,46.357475,-124.05496
907 CRESCENT ST,46.691734,-123.74536
910 FOWLER STREET,46.674503,-123.7395
912 OCEAN AVENUE,46.682293,-123.74492
915 OHIO AVENUE,46.671295,-123.78274
918 FOWLER ST,46.67442,-123.7395
92 BIGHILL ROAD,46.374496,-123.744446
920 CLAY AVE,46.674812,-123.71809
920 CRESCENT STREET,46.691822,-123.74538
921 BIRD AVENUE,46.67446,-123.71565
924 FOWLER STREET,46.674355,-123.7395
925 HOWARD ST,46.692142,-123.74659
925 HOWARD STREET,46.692142,-123.74659
927 CLAY AVENUE,46.67456,-123.7181
93 ALEXANDER ROAD,46.658295,-123.66131
930 DIVISION STREET,46.6747398,-123.7143611
9303 SANDRIDGE RD,46.369335,-124.027466
933 SUMMIT,46.671307,-123.78488
936 VIRGINIA ST,46.67245,-123.78097
940 COLE AVENUE,46.675117,-123.687843
942 BALLENTINE STREET,46.673936,-123.741116
942 FOWLER STREET,46.674156,-123.7395
945 BRADFORD ST,46.674126,-123.74579
945 CLAY STREET,46.674606,-123.7181
948 COLE AVENUE,46.6748,-123.687164
950 STATE ROUTE 4,46.675613,-123.76342
951 STATE ROUTE 4,46.370246,-123.781592
952 BRADFORD STREET,46.67405,-123.745804
955 MILL CREEK RD,46.629765,-123.550896
955 STATE ROUTE 4,46.369886,-123.78125
958 FOWLER ST,46.673985,-123.73951
959 BARNHART STREET,46.67408,-123.742
964 STATE ROUTE 4,46.675518,-123.76342
97 HYLAND STRINGER RD,46.586918,-123.64256
980 WHIPPLE AVE,46.742054,-124.088823
9800 ELM PLACE,46.37308,-124.036215
9801 ELM LN,46.37291,-124.03694
991 LUDINGTON AVE,46.6749321,-123.6889416
994 SALMON CREEK ROAD,46.398525,-123.674705
No. 2 OCEAN AVENUE,46.6795708,-123.7593371
