ID,Longitude,Latitude
1,-123.93600000000,46.30320000000
2,-123.73600000000,46.66720000000
3,-123.73700000000,46.67020000000
4,-123.95200000000,46.38110000000
5,-123.79400000000,46.66100000000
6,-123.66300000000,46.67620000000
7,-123.56800000000,46.56180000000
8,-123.74900000000,46.68280000000
9,-123.72900000000,46.35710000000
10,-123.55800000000,46.62770000000
11,-123.85300000000,46.26020000000
12,-123.71900000000,46.66650000000
13,-123.94900000000,46.62550000000
14,-124.03900000000,46.31030000000
15,-123.51200000000,46.53990000000
16,-123.67400000000,46.38480000000
17,-123.78900000000,46.66520000000
18,-123.92000000000,46.42650000000
19,-123.62100000000,46.58540000000
20,-123.94600000000,46.62190000000
21,-123.73800000000,46.35470000000
22,-123.49800000000,46.77550000000
23,-123.89000000000,46.49490000000
24,-123.49200000000,46.53230000000
25,-123.54300000000,46.55810000000
26,-123.64900000000,46.62370000000
27,-123.86800000000,46.52510000000
28,-123.87200000000,46.42090000000
29,-123.93700000000,46.40930000000
30,-123.89000000000,46.53600000000
31,-123.74000000000,46.69370000000
32,-123.87900000000,46.24430000000
33,-123.73900000000,46.70100000000
34,-123.83200000000,46.37630000000
35,-123.74200000000,46.67530000000
36,-123.92300000000,46.25230000000
37,-123.74800000000,46.74460000000
38,-123.69300000000,46.66850000000
39,-123.87600000000,46.63190000000
40,-123.74200000000,46.69680000000
41,-123.92100000000,46.25330000000
42,-123.72400000000,46.65500000000
43,-123.69300000000,46.66450000000
44,-123.73400000000,46.35420000000
45,-123.82800000000,46.60450000000
46,-123.76000000000,46.37030000000
47,-123.87900000000,46.62570000000
48,-123.82800000000,46.68370000000
49,-123.66100000000,46.41140000000
50,-123.92800000000,46.25950000000
51,-123.87900000000,46.25820000000
52,-123.88600000000,46.50410000000
53,-123.85600000000,46.40910000000
54,-123.76800000000,46.68890000000
55,-123.73400000000,46.74260000000
56,-123.86900000000,46.25610000000
57,-123.72800000000,46.68680000000
58,-123.83400000000,46.68990000000
59,-123.82400000000,46.64250000000
60,-123.67000000000,46.60730000000
61,-123.74200000000,46.72230000000
62,-123.63200000000,46.58730000000
63,-123.40600000000,46.54670000000
64,-123.90000000000,46.55620000000
65,-123.95100000000,46.36540000000
66,-123.54200000000,46.63380000000
67,-123.56800000000,46.56150000000
68,-123.62000000000,46.59050000000
69,-123.82300000000,46.58160000000
70,-123.85200000000,46.25800000000
71,-123.70100000000,46.75050000000
72,-123.82700000000,46.66060000000
73,-123.87800000000,46.46450000000
74,-123.74000000000,46.69680000000
75,-123.71900000000,46.66440000000
76,-123.66600000000,46.41260000000
77,-123.70300000000,46.67570000000
78,-123.83600000000,46.39690000000
79,-123.72100000000,46.68470000000
80,-123.76100000000,46.75310000000
81,-124.06400000000,46.30480000000
82,-124.04400000000,46.30720000000
83,-123.87100000000,46.42020000000
84,-123.53800000000,46.55620000000
85,-123.61800000000,46.56880000000
86,-123.59800000000,46.58550000000
87,-123.95600000000,46.31610000000
88,-123.89500000000,46.43500000000
89,-123.71200000000,46.74690000000
90,-124.00800000000,46.32280000000
91,-123.68400000000,46.38800000000
92,-123.66300000000,46.67610000000
93,-123.82200000000,46.27030000000
94,-123.92700000000,46.64550000000
95,-123.58800000000,46.78670000000
96,-123.57100000000,46.57240000000
97,-123.95200000000,46.61970000000
98,-123.93900000000,46.30210000000
99,-123.77200000000,46.36390000000
100,-123.58000000000,46.78540000000
101,-123.95400000000,46.63040000000
102,-123.66600000000,46.65610000000
103,-123.56900000000,46.57770000000
104,-123.67500000000,46.74980000000
105,-123.73000000000,46.39750000000
106,-123.50900000000,46.77420000000
107,-123.78300000000,46.66930000000
108,-123.88900000000,46.53710000000
109,-123.83800000000,46.26460000000
110,-124.03200000000,46.30790000000
111,-123.74500000000,46.67220000000
112,-123.54900000000,46.78370000000
113,-123.82600000000,46.61410000000
114,-123.79400000000,46.66390000000
115,-123.52300000000,46.53880000000
116,-123.62300000000,46.64450000000
117,-123.61500000000,46.56070000000
118,-124.00300000000,46.72820000000
119,-123.77300000000,46.36590000000
120,-123.74800000000,46.69410000000
121,-123.87600000000,46.25710000000
122,-123.85300000000,46.65500000000
123,-123.89700000000,46.43530000000
124,-123.80800000000,46.66180000000
125,-123.55300000000,46.77880000000
126,-123.72800000000,46.66480000000
127,-123.74800000000,46.68470000000
128,-123.75700000000,46.37350000000
129,-123.98100000000,46.32110000000
130,-123.42900000000,46.79460000000
131,-123.75800000000,46.68400000000
132,-123.88600000000,46.68510000000
133,-123.68200000000,46.61700000000
134,-123.65400000000,46.64840000000
135,-123.63300000000,46.62860000000
136,-124.01400000000,46.35420000000
137,-123.97900000000,46.70660000000
138,-124.05300000000,46.27930000000
139,-123.65400000000,46.65180000000
140,-123.79700000000,46.66300000000
141,-124.03000000000,46.30940000000
142,-123.58700000000,46.62220000000
143,-123.74900000000,46.69050000000
144,-124.06400000000,46.29800000000
145,-123.63700000000,46.76570000000
146,-123.73500000000,46.36930000000
147,-123.77000000000,46.68120000000
148,-123.40200000000,46.54570000000
149,-123.94200000000,46.27980000000
150,-123.59100000000,46.58790000000
151,-123.70400000000,46.67540000000
152,-123.82700000000,46.71180000000
153,-123.96400000000,46.29900000000
154,-123.74600000000,46.67450000000
155,-123.94400000000,46.61920000000
156,-123.72900000000,46.68570000000
157,-123.92100000000,46.25340000000
158,-123.74000000000,46.67540000000
159,-123.67400000000,46.40970000000
160,-123.78400000000,46.66570000000
161,-123.87300000000,46.52510000000
162,-123.88600000000,46.50260000000
163,-123.76200000000,46.66790000000
164,-123.74700000000,46.67760000000
165,-123.61400000000,46.64070000000
166,-123.51500000000,46.54400000000
167,-123.83600000000,46.39620000000
168,-123.56800000000,46.57260000000
169,-123.95200000000,46.39260000000
170,-123.95900000000,46.73160000000
171,-123.99200000000,46.70940000000
172,-123.77200000000,46.67270000000
173,-123.78600000000,46.67110000000
174,-123.72900000000,46.69530000000
175,-123.67400000000,46.67040000000
176,-123.87300000000,46.72940000000
177,-123.58200000000,46.78700000000
178,-123.96400000000,46.34440000000
179,-123.81900000000,46.64700000000
180,-123.56100000000,46.78280000000
181,-123.71100000000,46.74840000000
182,-123.62200000000,46.58940000000
183,-123.49300000000,46.77490000000
184,-123.61900000000,46.56470000000
185,-123.96900000000,46.30660000000
186,-123.95200000000,46.31440000000
187,-123.99400000000,46.31710000000
188,-123.80300000000,46.36740000000
189,-123.88400000000,46.42430000000
190,-123.72800000000,46.71840000000
191,-123.58900000000,46.56430000000
192,-123.91800000000,46.60170000000
193,-123.54500000000,46.56430000000
194,-123.78600000000,46.37260000000
195,-123.91500000000,46.57330000000
196,-123.88700000000,46.52390000000
197,-123.99900000000,46.71250000000
198,-123.51900000000,46.54490000000
199,-123.91600000000,46.61760000000
200,-123.68000000000,46.62850000000
201,-123.85600000000,46.43550000000
202,-123.92400000000,46.64570000000
203,-123.83700000000,46.39950000000
204,-123.84500000000,46.41450000000
205,-123.95600000000,46.62420000000
206,-123.80100000000,46.30780000000
207,-123.71100000000,46.70550000000
208,-123.78700000000,46.37370000000
209,-123.73000000000,46.68760000000
210,-123.51000000000,46.54310000000
211,-123.90100000000,46.49020000000
212,-123.90000000000,46.49360000000
213,-123.91900000000,46.66560000000
214,-123.53300000000,46.77950000000
215,-123.52800000000,46.54890000000
216,-123.99300000000,46.32280000000
217,-124.04500000000,46.30820000000
218,-123.67000000000,46.63200000000
219,-123.66700000000,46.60800000000
220,-123.69500000000,46.66910000000
221,-123.73200000000,46.74310000000
222,-123.72700000000,46.65740000000
223,-123.81000000000,46.66450000000
224,-124.05500000000,46.30410000000
225,-123.66600000000,46.60260000000
226,-123.55400000000,46.77850000000
227,-123.87700000000,46.51800000000
228,-123.64800000000,46.70760000000
229,-123.93500000000,46.61580000000
230,-123.88900000000,46.49390000000
231,-123.91600000000,46.74420000000
232,-123.94900000000,46.27780000000
233,-123.93700000000,46.26790000000
234,-123.56700000000,46.58080000000
235,-124.05900000000,46.28160000000
236,-123.83800000000,46.40170000000
237,-123.81100000000,46.35890000000
238,-124.00600000000,46.32210000000
239,-123.80200000000,46.66260000000
240,-123.95300000000,46.72820000000
241,-123.65800000000,46.62410000000
242,-123.76800000000,46.68030000000
243,-123.80900000000,46.66200000000
244,-123.99200000000,46.70920000000
245,-123.81300000000,46.28110000000
246,-123.54200000000,46.56600000000
247,-123.92400000000,46.25430000000
248,-123.85600000000,46.43580000000
249,-123.87500000000,46.68490000000
250,-124.05400000000,46.28310000000
251,-123.72600000000,46.67140000000
252,-123.77900000000,46.67350000000
253,-123.94600000000,46.27140000000
254,-123.61100000000,46.63700000000
255,-123.81200000000,46.66710000000
256,-123.86800000000,46.52340000000
257,-123.77200000000,46.66510000000
258,-123.84800000000,46.42380000000
259,-123.50900000000,46.77540000000
260,-123.67400000000,46.39450000000
261,-123.65400000000,46.64990000000
262,-124.04300000000,46.30890000000
263,-123.89200000000,46.24330000000
264,-124.07300000000,46.29850000000
265,-123.80100000000,46.30290000000
266,-124.07600000000,46.29000000000
267,-123.64400000000,46.71030000000
268,-123.64100000000,46.64440000000
269,-123.99500000000,46.31650000000
270,-123.90600000000,46.44270000000
271,-123.64100000000,46.40430000000
272,-123.95300000000,46.28390000000
273,-123.98100000000,46.70620000000
274,-123.48300000000,46.78220000000
275,-123.51700000000,46.77550000000
276,-123.94100000000,46.26880000000
277,-123.63200000000,46.62400000000
278,-123.97600000000,46.33330000000
279,-123.73000000000,46.40260000000
280,-124.06800000000,46.28620000000
281,-123.67300000000,46.38470000000
282,-123.72800000000,46.68680000000
283,-123.74700000000,46.37190000000
284,-123.87800000000,46.62240000000
285,-123.68100000000,46.61560000000
286,-123.89100000000,46.54230000000
287,-123.90600000000,46.44100000000
288,-123.93700000000,46.28570000000
289,-123.88200000000,46.74130000000
290,-123.72300000000,46.65050000000
291,-124.03900000000,46.31180000000
292,-123.93700000000,46.26650000000
293,-123.99700000000,46.32230000000
294,-123.44000000000,46.79110000000
295,-123.95800000000,46.61290000000
296,-123.65100000000,46.61690000000
297,-123.67600000000,46.64470000000
298,-123.99800000000,46.36040000000
299,-124.07200000000,46.28790000000
300,-123.78600000000,46.68390000000
301,-123.73100000000,46.68630000000
302,-123.63500000000,46.61200000000
303,-124.03700000000,46.30830000000
304,-124.04100000000,46.30730000000
305,-123.71000000000,46.74980000000
306,-124.04100000000,46.30610000000
307,-124.03200000000,46.30990000000
308,-123.69400000000,46.65150000000
309,-123.89300000000,46.54170000000
310,-123.85900000000,46.69320000000
311,-123.71200000000,46.74390000000
312,-123.92100000000,46.73770000000
313,-123.93100000000,46.26980000000
314,-123.73900000000,46.37000000000
315,-123.76200000000,46.66890000000
316,-123.99600000000,46.31260000000
317,-123.56600000000,46.56150000000
318,-123.96000000000,46.29090000000
319,-123.68300000000,46.65660000000
320,-123.67600000000,46.62990000000
321,-123.72100000000,46.67370000000
322,-123.98800000000,46.70900000000
323,-123.82400000000,46.58260000000
324,-123.91600000000,46.58440000000
325,-123.83200000000,46.68770000000
326,-123.76200000000,46.75010000000
327,-123.78500000000,46.66070000000
328,-123.99900000000,46.72940000000
329,-123.95100000000,46.28140000000
330,-123.77500000000,46.68280000000
331,-123.70300000000,46.75070000000
332,-124.03900000000,46.31050000000
333,-123.79100000000,46.66560000000
334,-123.95400000000,46.28370000000
335,-123.78600000000,46.36470000000
336,-123.95200000000,46.38290000000
337,-123.71800000000,46.64430000000
338,-123.69900000000,46.66920000000
339,-123.99900000000,46.31950000000
340,-123.88900000000,46.75140000000
341,-123.95400000000,46.35640000000
342,-124.01400000000,46.71850000000
343,-123.61900000000,46.58220000000
344,-123.67600000000,46.65000000000
345,-123.68700000000,46.69150000000
346,-123.69400000000,46.67270000000
347,-123.81300000000,46.66380000000
348,-123.66600000000,46.67900000000
349,-123.66500000000,46.60200000000
350,-123.68900000000,46.67300000000
351,-123.79800000000,46.32960000000
352,-123.72200000000,46.73230000000
353,-123.61700000000,46.59100000000
354,-123.92300000000,46.25350000000
355,-123.64300000000,46.71880000000
356,-123.79400000000,46.66250000000
357,-123.70200000000,46.68970000000
358,-123.91900000000,46.64260000000
359,-123.72500000000,46.68900000000
360,-123.65500000000,46.65290000000
361,-124.04900000000,46.30120000000
362,-124.03700000000,46.31300000000
363,-123.68500000000,46.67290000000
364,-123.88300000000,46.52030000000
365,-123.98200000000,46.30810000000
366,-124.01300000000,46.71990000000
367,-123.72000000000,46.69530000000
368,-123.63200000000,46.58870000000
369,-123.73100000000,46.71600000000
370,-123.78300000000,46.36940000000
371,-123.72500000000,46.65950000000
372,-123.89500000000,46.55050000000
373,-123.97000000000,46.73980000000
374,-123.67000000000,46.67910000000
375,-123.92800000000,46.59650000000
376,-123.88400000000,46.26080000000
377,-123.52500000000,46.54290000000
378,-123.78800000000,46.37520000000
379,-123.71000000000,46.67730000000
380,-123.79300000000,46.68680000000
381,-123.65700000000,46.65610000000
382,-123.69800000000,46.67170000000
383,-123.45300000000,46.78500000000
384,-123.94000000000,46.29760000000
385,-123.99100000000,46.33100000000
386,-123.85100000000,46.39710000000
387,-123.75900000000,46.68030000000
388,-123.72800000000,46.36920000000
389,-123.78500000000,46.66590000000
390,-123.88700000000,46.52320000000
391,-124.02400000000,46.33100000000
392,-123.91500000000,46.61110000000
393,-123.88800000000,46.49060000000
394,-123.45000000000,46.54790000000
395,-123.73700000000,46.68540000000
396,-123.66900000000,46.74810000000
397,-123.92000000000,46.42780000000
398,-123.86000000000,46.64790000000
399,-123.94600000000,46.27170000000
400,-123.51600000000,46.54290000000
401,-123.63300000000,46.61710000000
402,-123.90000000000,46.55540000000
403,-123.82600000000,46.71280000000
404,-124.03900000000,46.31150000000
405,-123.58300000000,46.62290000000
406,-123.50000000000,46.54110000000
407,-123.66100000000,46.41130000000
408,-123.82600000000,46.68180000000
409,-123.96900000000,46.34190000000
410,-123.52700000000,46.63230000000
411,-123.81300000000,46.35160000000
412,-123.40700000000,46.79270000000
413,-123.60800000000,46.63570000000
414,-123.83100000000,46.66060000000
415,-123.56500000000,46.56120000000
416,-123.95300000000,46.36100000000
417,-123.73100000000,46.74360000000
418,-123.79000000000,46.37520000000
419,-123.74900000000,46.69200000000
420,-123.41400000000,46.79090000000
421,-123.84400000000,46.41390000000
422,-123.84200000000,46.26390000000
423,-123.74100000000,46.69450000000
424,-123.72800000000,46.37450000000
425,-123.47700000000,46.54430000000
426,-123.80800000000,46.28850000000
427,-123.95100000000,46.28250000000
428,-123.90800000000,46.61350000000
429,-123.92800000000,46.59770000000
430,-123.77900000000,46.67530000000
431,-123.91800000000,46.67570000000
432,-123.67400000000,46.39600000000
433,-123.38900000000,46.54580000000
434,-123.77200000000,46.75070000000
435,-123.83900000000,46.37890000000
436,-123.71200000000,46.74450000000
437,-123.93000000000,46.61390000000
438,-123.37200000000,46.56470000000
439,-123.86500000000,46.51400000000
440,-123.77000000000,46.67320000000
441,-123.78500000000,46.66470000000
442,-123.86900000000,46.68830000000
443,-123.62400000000,46.58580000000
444,-123.87800000000,46.68450000000
445,-123.53800000000,46.79020000000
446,-123.99700000000,46.36080000000
447,-123.79600000000,46.65680000000
448,-123.82200000000,46.64020000000
449,-123.90200000000,46.55840000000
450,-123.56600000000,46.58820000000
451,-123.64600000000,46.75270000000
452,-123.72800000000,46.77840000000
453,-123.72800000000,46.37370000000
454,-123.58500000000,46.62210000000
455,-123.70900000000,46.69090000000
456,-123.71200000000,46.74650000000
457,-123.78700000000,46.66160000000
458,-123.43700000000,46.79410000000
459,-123.51000000000,46.77310000000
460,-123.58500000000,46.78740000000
461,-123.75200000000,46.68620000000
462,-123.80000000000,46.32330000000
463,-124.03500000000,46.30900000000
464,-123.94200000000,46.32330000000
465,-123.94400000000,46.28330000000
466,-123.91600000000,46.61850000000
467,-123.82800000000,46.66150000000
468,-123.96600000000,46.30970000000
469,-123.36500000000,46.56080000000
470,-124.07200000000,46.29830000000
471,-123.73900000000,46.67440000000
472,-123.75600000000,46.68500000000
473,-123.65500000000,46.75050000000
474,-123.64600000000,46.61820000000
475,-123.78100000000,46.66540000000
476,-123.94100000000,46.61770000000
477,-123.89400000000,46.54740000000
478,-123.93300000000,46.32450000000
479,-124.07100000000,46.28910000000
480,-123.80400000000,46.37620000000
481,-123.60100000000,46.63380000000
482,-123.75100000000,46.75140000000
483,-123.74100000000,46.69690000000
484,-123.73400000000,46.68400000000
485,-124.07000000000,46.29850000000
486,-123.40900000000,46.79120000000
487,-123.65400000000,46.61320000000
488,-123.54800000000,46.78430000000
489,-123.70900000000,46.63220000000
490,-123.61500000000,46.55980000000
491,-123.77500000000,46.68200000000
492,-123.82300000000,46.38420000000
493,-123.91600000000,46.58660000000
494,-123.87800000000,46.68450000000
495,-123.77000000000,46.67340000000
496,-123.70200000000,46.62970000000
497,-123.75900000000,46.35940000000
498,-123.64400000000,46.64850000000
499,-123.64600000000,46.61950000000
500,-123.85900000000,46.72980000000
501,-124.03800000000,46.31100000000
502,-123.54000000000,46.63400000000
503,-123.97200000000,46.30840000000
504,-123.66700000000,46.67980000000
505,-123.77000000000,46.66870000000
506,-123.98800000000,46.70830000000
507,-123.45500000000,46.77770000000
508,-123.88100000000,46.61820000000
509,-123.64700000000,46.73420000000
510,-123.64900000000,46.65120000000
511,-123.73300000000,46.69960000000
512,-123.47600000000,46.53850000000
513,-123.91200000000,46.58860000000
514,-123.66000000000,46.63230000000
515,-123.93100000000,46.63740000000
516,-123.95900000000,46.35030000000
517,-123.37100000000,46.56390000000
518,-123.72100000000,46.69630000000
519,-123.54300000000,46.56470000000
520,-123.69600000000,46.66330000000
521,-123.67200000000,46.60750000000
522,-123.74600000000,46.69070000000
523,-123.91700000000,46.42920000000
524,-123.70900000000,46.69160000000
525,-123.56600000000,46.54760000000
526,-123.85600000000,46.69450000000
527,-123.85000000000,46.65820000000
528,-123.61000000000,46.78420000000
529,-123.88700000000,46.48110000000
530,-123.92400000000,46.63710000000
531,-123.61400000000,46.63950000000
532,-123.81200000000,46.36030000000
533,-123.93300000000,46.63440000000
534,-123.62200000000,46.58610000000
535,-123.74000000000,46.78830000000
536,-123.54000000000,46.63420000000
537,-123.90300000000,46.24510000000
538,-123.72700000000,46.68690000000
539,-123.64700000000,46.58560000000
540,-123.83100000000,46.64710000000
541,-123.69000000000,46.69890000000
542,-123.89800000000,46.24660000000
543,-123.95900000000,46.31610000000
544,-123.90700000000,46.50530000000
545,-123.69100000000,46.66780000000
546,-123.77400000000,46.66440000000
547,-123.76100000000,46.75270000000
548,-123.59300000000,46.58640000000
549,-123.81200000000,46.66640000000
550,-123.89600000000,46.61340000000
551,-123.71200000000,46.67180000000
552,-123.94300000000,46.61920000000
553,-123.81800000000,46.66490000000
554,-123.69500000000,46.75390000000
555,-123.74100000000,46.70350000000
556,-123.63800000000,46.57840000000
557,-123.64900000000,46.62390000000
558,-123.69300000000,46.67250000000
559,-123.71100000000,46.63490000000
560,-123.93500000000,46.61610000000
561,-124.00800000000,46.33070000000
562,-123.93300000000,46.63750000000
563,-123.81500000000,46.35900000000
564,-123.80300000000,46.37250000000
565,-123.86400000000,46.25030000000
566,-123.52500000000,46.77580000000
567,-123.89000000000,46.61670000000
568,-123.97600000000,46.70540000000
569,-123.49300000000,46.53220000000
570,-124.00900000000,46.32120000000
571,-123.67400000000,46.39260000000
572,-123.90300000000,46.24520000000
573,-123.75700000000,46.67040000000
574,-123.95700000000,46.63070000000
575,-123.82500000000,46.66780000000
576,-123.85400000000,46.25690000000
577,-123.74800000000,46.68270000000
578,-123.78300000000,46.66570000000
579,-124.00300000000,46.31910000000
580,-123.93600000000,46.61610000000
581,-123.63200000000,46.58660000000
582,-123.94200000000,46.30210000000
583,-123.72000000000,46.77850000000
584,-123.78600000000,46.67060000000
585,-123.87300000000,46.72950000000
586,-123.68500000000,46.67260000000
587,-123.57600000000,46.78130000000
588,-123.91600000000,46.58480000000
589,-123.75600000000,46.68190000000
590,-123.65400000000,46.69230000000
591,-124.04000000000,46.31160000000
592,-123.73300000000,46.69390000000
593,-123.82700000000,46.27040000000
594,-123.67200000000,46.66080000000
595,-123.88200000000,46.24260000000
596,-124.01800000000,46.72340000000
597,-124.03100000000,46.73020000000
598,-123.79800000000,46.32850000000
599,-123.72100000000,46.67300000000
600,-123.92000000000,46.25190000000
601,-124.00300000000,46.31640000000
602,-123.81800000000,46.66880000000
603,-123.88100000000,46.61830000000
604,-123.81900000000,46.66230000000
605,-124.01700000000,46.72000000000
606,-123.81200000000,46.35110000000
607,-123.64200000000,46.64730000000
608,-123.74800000000,46.73350000000
609,-123.81300000000,46.35040000000
610,-123.72700000000,46.38420000000
611,-123.82400000000,46.38530000000
612,-123.87800000000,46.25800000000
613,-123.71100000000,46.69380000000
614,-123.94000000000,46.59930000000
615,-123.63200000000,46.77220000000
616,-123.68800000000,46.69980000000
617,-123.71800000000,46.67520000000
618,-123.87800000000,46.52010000000
619,-123.81600000000,46.27230000000
620,-123.58200000000,46.59300000000
621,-123.99600000000,46.32260000000
622,-123.43500000000,46.79480000000
623,-123.53800000000,46.78780000000
624,-123.55500000000,46.56070000000
625,-123.64700000000,46.40560000000
626,-123.82100000000,46.67660000000
627,-123.51400000000,46.76710000000
628,-123.73400000000,46.68580000000
629,-123.63900000000,46.63550000000
630,-123.75000000000,46.68980000000
631,-123.89600000000,46.42740000000
632,-123.90000000000,46.42780000000
633,-123.84100000000,46.40710000000
634,-123.94400000000,46.30370000000
635,-123.94100000000,46.61740000000
636,-123.53500000000,46.79290000000
637,-123.92100000000,46.73390000000
638,-123.65200000000,46.58390000000
639,-123.75500000000,46.67090000000
640,-123.56200000000,46.56100000000
641,-123.97000000000,46.30710000000
642,-123.94600000000,46.27140000000
643,-123.84100000000,46.40610000000
644,-123.77000000000,46.66890000000
645,-123.43700000000,46.79400000000
646,-123.73400000000,46.74010000000
647,-123.47000000000,46.54230000000
648,-123.54800000000,46.63110000000
649,-123.82500000000,46.68000000000
650,-123.57500000000,46.56040000000
651,-123.87400000000,46.45440000000
652,-123.52300000000,46.77550000000
653,-123.96200000000,46.35760000000
654,-123.57200000000,46.57230000000
655,-123.92300000000,46.63730000000
656,-123.67500000000,46.39960000000
657,-123.89600000000,46.43510000000
658,-123.72800000000,46.68370000000
659,-123.94100000000,46.28010000000
660,-124.02500000000,46.72590000000
661,-123.91600000000,46.58740000000
662,-123.68400000000,46.66930000000
663,-123.70500000000,46.65960000000
664,-124.00400000000,46.35700000000
665,-123.83500000000,46.26770000000
666,-123.89200000000,46.54160000000
667,-124.00800000000,46.31580000000
668,-124.05700000000,46.29010000000
669,-123.81000000000,46.36700000000
670,-123.68000000000,46.62790000000
671,-123.72300000000,46.65800000000
672,-123.36800000000,46.56240000000
673,-123.87300000000,46.24200000000
674,-123.95300000000,46.28170000000
675,-123.71100000000,46.74870000000
676,-123.69600000000,46.69050000000
677,-123.83800000000,46.40090000000
678,-123.81300000000,46.65810000000
679,-123.67200000000,46.65010000000
680,-123.74200000000,46.66920000000
681,-123.73900000000,46.70010000000
682,-123.89200000000,46.24300000000
683,-123.62800000000,46.60290000000
684,-123.48100000000,46.77740000000
685,-123.53600000000,46.79260000000
686,-123.76600000000,46.67500000000
687,-123.74200000000,46.67200000000
688,-123.74500000000,46.37450000000
689,-123.89100000000,46.54130000000
690,-123.79000000000,46.68520000000
691,-123.70800000000,46.67660000000
692,-123.93800000000,46.40580000000
693,-123.47800000000,46.54410000000
694,-123.82100000000,46.26990000000
695,-124.03800000000,46.30880000000
696,-123.82400000000,46.59220000000
697,-123.66100000000,46.41120000000
698,-123.63300000000,46.62090000000
699,-124.00400000000,46.31830000000
700,-123.97000000000,46.70510000000
701,-123.55100000000,46.56680000000
702,-123.73200000000,46.66360000000
703,-123.90900000000,46.56560000000
704,-123.65200000000,46.61410000000
705,-123.91400000000,46.24940000000
706,-123.91400000000,46.57050000000
707,-123.63300000000,46.62730000000
708,-123.81600000000,46.66970000000
709,-123.59700000000,46.58590000000
710,-123.91400000000,46.43060000000
711,-123.69600000000,46.64960000000
712,-123.88800000000,46.49210000000
713,-123.57500000000,46.62390000000
714,-123.83500000000,46.39410000000
715,-123.89400000000,46.75180000000
716,-123.89900000000,46.43280000000
717,-123.90300000000,46.42830000000
718,-123.80700000000,46.69930000000
719,-123.61600000000,46.64220000000
720,-123.81800000000,46.66490000000
721,-123.81300000000,46.66790000000
722,-124.07200000000,46.29020000000
723,-123.85200000000,46.25890000000
724,-123.97800000000,46.31080000000
725,-123.77800000000,46.68380000000
726,-123.69500000000,46.66680000000
727,-124.07400000000,46.29500000000
728,-123.74400000000,46.73950000000
729,-123.73200000000,46.71540000000
730,-123.87800000000,46.43100000000
731,-123.81600000000,46.27410000000
732,-123.81900000000,46.66320000000
733,-123.61800000000,46.58650000000
734,-123.80100000000,46.31760000000
735,-123.63500000000,46.58860000000
736,-123.74200000000,46.72120000000
737,-123.90700000000,46.50560000000
738,-123.69100000000,46.66580000000
739,-123.74500000000,46.68160000000
740,-123.82400000000,46.66210000000
741,-123.84000000000,46.40530000000
742,-123.60600000000,46.55340000000
743,-123.80900000000,46.29570000000
744,-123.64400000000,46.72360000000
745,-123.87600000000,46.24080000000
746,-123.92900000000,46.64600000000
747,-123.71000000000,46.67780000000
748,-123.74200000000,46.69770000000
749,-123.93200000000,46.63600000000
750,-123.86600000000,46.52830000000
751,-123.66400000000,46.67710000000
752,-124.04200000000,46.72860000000
753,-123.81500000000,46.66650000000
754,-123.95200000000,46.27610000000
755,-123.74200000000,46.71980000000
756,-123.76500000000,46.67190000000
757,-123.91400000000,46.61380000000
758,-123.95000000000,46.37640000000
759,-123.91800000000,46.59420000000
760,-123.80100000000,46.69550000000
761,-123.94200000000,46.32330000000
762,-123.72500000000,46.69630000000
763,-123.86500000000,46.51420000000
764,-123.91600000000,46.74390000000
765,-124.05200000000,46.72780000000
766,-123.65600000000,46.63630000000
767,-123.90800000000,46.56360000000
768,-123.85500000000,46.40870000000
769,-123.99900000000,46.33100000000
770,-123.52500000000,46.53940000000
771,-123.67000000000,46.66260000000
772,-123.67600000000,46.64710000000
773,-123.94500000000,46.62030000000
774,-123.92000000000,46.65650000000
775,-123.57500000000,46.55790000000
776,-123.87200000000,46.44910000000
777,-123.72600000000,46.68100000000
778,-123.76400000000,46.66840000000
779,-123.84800000000,46.72250000000
780,-123.74500000000,46.73590000000
781,-123.95000000000,46.40310000000
782,-123.65000000000,46.65150000000
783,-123.39400000000,46.54400000000
784,-124.05600000000,46.28860000000
785,-123.81800000000,46.64720000000
786,-123.75800000000,46.68380000000
787,-124.00600000000,46.31810000000
788,-123.82800000000,46.66250000000
789,-124.01600000000,46.72490000000
790,-123.59100000000,46.62300000000
791,-124.07000000000,46.29850000000
792,-123.78700000000,46.66070000000
793,-123.86700000000,46.52510000000
794,-123.46900000000,46.54330000000
795,-123.71100000000,46.70370000000
796,-123.72900000000,46.35550000000
797,-123.80200000000,46.36770000000
798,-123.76200000000,46.67520000000
799,-123.70000000000,46.69010000000
800,-123.56000000000,46.62650000000
801,-123.42300000000,46.55000000000
802,-124.04000000000,46.30670000000
803,-123.82800000000,46.37260000000
804,-123.77400000000,46.37240000000
805,-123.64700000000,46.62000000000
806,-123.76000000000,46.67860000000
807,-123.81900000000,46.67410000000
808,-123.68500000000,46.67160000000
809,-124.03800000000,46.31190000000
810,-123.55100000000,46.56000000000
811,-123.81100000000,46.28350000000
812,-123.70800000000,46.67540000000
813,-123.94000000000,46.59910000000
814,-123.55200000000,46.55940000000
815,-123.74900000000,46.68470000000
816,-123.99900000000,46.35890000000
817,-123.45300000000,46.78010000000
818,-123.52700000000,46.54850000000
819,-123.73600000000,46.35450000000
820,-123.80900000000,46.66340000000
821,-123.89900000000,46.55400000000
822,-124.02100000000,46.32740000000
823,-123.50300000000,46.54200000000
824,-123.74500000000,46.69380000000
825,-123.65500000000,46.61260000000
826,-123.51100000000,46.53450000000
827,-123.91200000000,46.24710000000
828,-123.75000000000,46.68760000000
829,-123.82200000000,46.64090000000
830,-124.00300000000,46.71500000000
831,-123.87500000000,46.51760000000
832,-123.53200000000,46.77920000000
833,-123.77700000000,46.37240000000
834,-123.85400000000,46.65640000000
835,-123.94200000000,46.27890000000
836,-123.90400000000,46.55980000000
837,-123.85700000000,46.25130000000
838,-123.72100000000,46.72840000000
839,-123.97400000000,46.30400000000
840,-123.74900000000,46.67270000000
841,-123.90400000000,46.43650000000
842,-123.90700000000,46.56350000000
843,-123.62300000000,46.59970000000
844,-123.82300000000,46.36870000000
845,-123.75100000000,46.75110000000
846,-123.65500000000,46.63550000000
847,-123.94200000000,46.40360000000
848,-123.78300000000,46.66140000000
849,-123.82700000000,46.60960000000
850,-123.65500000000,46.65550000000
851,-123.54400000000,46.63290000000
852,-123.81100000000,46.69880000000
853,-123.58800000000,46.78690000000
854,-123.93000000000,46.30280000000
855,-123.72400000000,46.74500000000
856,-123.75900000000,46.35950000000
857,-123.52300000000,46.53800000000
858,-123.94800000000,46.27590000000
859,-123.89100000000,46.61670000000
860,-123.89100000000,46.43500000000
861,-123.81900000000,46.70420000000
862,-123.64100000000,46.71340000000
863,-124.04500000000,46.30830000000
864,-123.98000000000,46.70590000000
865,-123.87900000000,46.46740000000
866,-123.61400000000,46.56100000000
867,-123.80800000000,46.66470000000
868,-123.73000000000,46.65770000000
869,-123.78900000000,46.65950000000
870,-123.75100000000,46.76550000000
871,-124.00200000000,46.32100000000
872,-123.91700000000,46.60650000000
873,-123.72200000000,46.39080000000
874,-123.95300000000,46.38820000000
875,-123.66000000000,46.65750000000
876,-123.65700000000,46.61160000000
877,-123.69200000000,46.66890000000
878,-123.68400000000,46.70180000000
879,-123.81500000000,46.66820000000
880,-123.67900000000,46.62880000000
881,-123.97000000000,46.34210000000
882,-123.95300000000,46.62600000000
883,-123.97000000000,46.34060000000
884,-123.65200000000,46.75200000000
885,-123.67400000000,46.74950000000
886,-124.05700000000,46.72980000000
887,-123.85300000000,46.40420000000
888,-123.58100000000,46.56340000000
889,-123.54700000000,46.56360000000
890,-124.05500000000,46.28150000000
891,-123.94500000000,46.60130000000
892,-123.90300000000,46.55820000000
893,-123.95500000000,46.63230000000
894,-123.89300000000,46.53830000000
895,-123.65300000000,46.62580000000
896,-124.03700000000,46.31190000000
897,-123.72500000000,46.65720000000
898,-123.91900000000,46.59980000000
899,-123.86100000000,46.24920000000
900,-123.73200000000,46.68930000000
901,-123.91600000000,46.60750000000
902,-124.03100000000,46.30990000000
903,-123.91900000000,46.74120000000
904,-123.51500000000,46.76610000000
905,-123.58800000000,46.56960000000
906,-123.75300000000,46.68320000000
907,-123.86900000000,46.24550000000
908,-123.90700000000,46.49690000000
909,-123.47900000000,46.54420000000
910,-123.77000000000,46.67000000000
911,-123.75100000000,46.68670000000
912,-123.58900000000,46.56920000000
913,-123.75200000000,46.75450000000
914,-124.05500000000,46.28020000000
915,-123.96700000000,46.73630000000
916,-123.44200000000,46.54820000000
917,-123.67200000000,46.64970000000
918,-123.40400000000,46.54630000000
919,-123.68300000000,46.65320000000
920,-123.87400000000,46.45590000000
921,-123.85300000000,46.51530000000
922,-123.85400000000,46.51200000000
923,-123.96700000000,46.30500000000
924,-123.90200000000,46.58750000000
925,-123.94600000000,46.60210000000
926,-123.80100000000,46.30990000000
927,-124.07400000000,46.29000000000
928,-123.90900000000,46.24600000000
929,-123.93700000000,46.41280000000
930,-123.92300000000,46.59850000000
931,-123.90200000000,46.49310000000
932,-123.59300000000,46.78750000000
933,-123.89900000000,46.49360000000
934,-123.48700000000,46.53250000000
935,-123.86600000000,46.51430000000
936,-123.77000000000,46.67230000000
937,-123.56800000000,46.78180000000
938,-123.96200000000,46.31560000000
939,-123.74000000000,46.70220000000
940,-123.78500000000,46.66930000000
941,-123.78400000000,46.68490000000
942,-123.73600000000,46.77820000000
943,-123.86800000000,46.52460000000
944,-123.63900000000,46.61090000000
945,-123.56400000000,46.57740000000
946,-123.57900000000,46.78400000000
947,-124.04000000000,46.31280000000
948,-123.74400000000,46.37150000000
949,-123.93200000000,46.32760000000
950,-123.91300000000,46.56940000000
951,-123.91900000000,46.25230000000
952,-123.67400000000,46.39280000000
953,-123.70900000000,46.69890000000
954,-123.98800000000,46.33080000000
955,-123.68300000000,46.65490000000
956,-123.70700000000,46.67540000000
957,-123.88600000000,46.51950000000
958,-123.82900000000,46.68410000000
959,-123.82600000000,46.66040000000
960,-123.63300000000,46.77170000000
961,-123.66200000000,46.63280000000
962,-123.73300000000,46.35470000000
963,-123.88100000000,46.73940000000
964,-123.52200000000,46.54350000000
965,-123.92700000000,46.59890000000
966,-123.99700000000,46.71090000000
967,-123.86600000000,46.68940000000
968,-123.71100000000,46.73780000000
969,-123.91300000000,46.61600000000
970,-123.88600000000,46.52340000000
971,-123.74700000000,46.71600000000
972,-123.97200000000,46.70460000000
973,-123.66900000000,46.67270000000
974,-123.90500000000,46.49930000000
975,-123.68500000000,46.75410000000
976,-123.73700000000,46.68090000000
977,-123.78900000000,46.66350000000
978,-123.95500000000,46.63150000000
979,-123.72100000000,46.67630000000
980,-123.99100000000,46.32250000000
981,-124.07200000000,46.28800000000
982,-123.87300000000,46.51660000000
983,-123.78400000000,46.67180000000
984,-123.88800000000,46.48510000000
985,-123.61800000000,46.57280000000
986,-123.71200000000,46.63600000000
987,-123.95600000000,46.63310000000
988,-123.88600000000,46.24250000000
989,-123.63900000000,46.63640000000
990,-123.82300000000,46.62090000000
991,-123.67600000000,46.66920000000
992,-123.63300000000,46.61590000000
993,-123.68300000000,46.75430000000
994,-123.96600000000,46.31250000000
995,-123.88100000000,46.24430000000
996,-123.56800000000,46.56810000000
997,-124.06600000000,46.27700000000
998,-123.84800000000,46.26110000000
999,-123.63300000000,46.62400000000
1000,-123.65300000000,46.69440000000
1001,-123.71600000000,46.67310000000
1002,-123.71700000000,46.67510000000
1003,-123.74700000000,46.69530000000
1004,-123.62700000000,46.60270000000
1005,-123.91000000000,46.50710000000
1006,-123.48600000000,46.54280000000
1007,-123.78600000000,46.36460000000
1008,-123.95500000000,46.72980000000
1009,-123.60000000000,46.63330000000
1010,-123.73500000000,46.68620000000
1011,-123.75400000000,46.75700000000
1012,-123.92400000000,46.63520000000
1013,-123.74600000000,46.37190000000
1014,-124.03800000000,46.30590000000
1015,-123.61600000000,46.54900000000
1016,-123.91200000000,46.67780000000
1017,-123.55000000000,46.56300000000
1018,-123.95300000000,46.37880000000
1019,-123.65200000000,46.62850000000
1020,-124.00200000000,46.32060000000
1021,-123.43200000000,46.54810000000
1022,-123.74100000000,46.78270000000
1023,-123.72600000000,46.67120000000
1024,-123.45400000000,46.77770000000
1025,-123.55200000000,46.55940000000
1026,-123.87300000000,46.25760000000
1027,-123.66400000000,46.62110000000
1028,-123.98400000000,46.30880000000
1029,-123.75200000000,46.67110000000
1030,-123.66900000000,46.65770000000
1031,-123.80900000000,46.66290000000
1032,-124.04600000000,46.28000000000
1033,-123.98500000000,46.70860000000
1034,-123.55400000000,46.56450000000
1035,-123.79600000000,46.66350000000
1036,-123.48300000000,46.78300000000
1037,-123.89800000000,46.49400000000
1038,-123.82300000000,46.70650000000
1039,-123.68400000000,46.64110000000
1040,-123.75800000000,46.66500000000
1041,-123.65400000000,46.61350000000
1042,-123.73300000000,46.35720000000
1043,-123.55300000000,46.56350000000
1044,-123.48300000000,46.53370000000
1045,-123.36500000000,46.55200000000
1046,-123.66200000000,46.74680000000
1047,-123.78100000000,46.37330000000
1048,-123.74600000000,46.35490000000
1049,-123.75900000000,46.37380000000
1050,-123.91000000000,46.61420000000
1051,-123.67900000000,46.66770000000
1052,-123.99500000000,46.31260000000
1053,-123.81600000000,46.67000000000
1054,-123.64500000000,46.58630000000
1055,-123.82600000000,46.71340000000
1056,-123.74100000000,46.78500000000
1057,-123.56700000000,46.56660000000
1058,-123.91900000000,46.59990000000
1059,-123.64900000000,46.75230000000
1060,-123.51400000000,46.76450000000
1061,-123.88100000000,46.73800000000
1062,-123.70900000000,46.68980000000
1063,-123.91900000000,46.25220000000
1064,-123.47200000000,46.54470000000
1065,-123.41300000000,46.79030000000
1066,-123.91600000000,46.25040000000
1067,-123.61100000000,46.78440000000
1068,-123.98400000000,46.73600000000
1069,-123.90600000000,46.44010000000
1070,-123.66400000000,46.63320000000
1071,-123.56900000000,46.57770000000
1072,-123.63200000000,46.62440000000
1073,-123.91900000000,46.66760000000
1074,-123.64800000000,46.62190000000
1075,-124.00500000000,46.32510000000
1076,-123.81600000000,46.66840000000
1077,-123.78900000000,46.66460000000
1078,-123.95100000000,46.37690000000
1079,-123.89300000000,46.75210000000
1080,-123.87400000000,46.51710000000
1081,-123.82800000000,46.64540000000
1082,-123.85800000000,46.69490000000
1083,-123.95300000000,46.62580000000
1084,-124.04600000000,46.30970000000
1085,-123.39300000000,46.54420000000
1086,-123.78800000000,46.37750000000
1087,-123.75900000000,46.66520000000
1088,-123.89400000000,46.54970000000
1089,-123.95300000000,46.61800000000
1090,-123.63700000000,46.76520000000
1091,-123.96300000000,46.29470000000
1092,-123.93700000000,46.32290000000
1093,-123.86600000000,46.69000000000
1094,-123.85600000000,46.41040000000
1095,-123.68800000000,46.66910000000
1096,-123.50600000000,46.54270000000
1097,-123.56800000000,46.78190000000
1098,-123.90600000000,46.43740000000
1099,-123.96600000000,46.34430000000
1100,-123.99700000000,46.72970000000
1101,-123.74900000000,46.68510000000
1102,-123.73500000000,46.68720000000
1103,-123.52300000000,46.54330000000
1104,-123.74400000000,46.67730000000
1105,-123.92100000000,46.65780000000
1106,-123.84000000000,46.66060000000
1107,-123.89700000000,46.49840000000
1108,-123.66100000000,46.63350000000
1109,-123.72900000000,46.74390000000
1110,-123.57000000000,46.55280000000
1111,-123.68500000000,46.65560000000
1112,-123.57200000000,46.57290000000
1113,-124.00600000000,46.35770000000
1114,-123.91900000000,46.67410000000
1115,-123.86800000000,46.43120000000
1116,-123.52200000000,46.53690000000
1117,-123.85000000000,46.65780000000
1118,-123.74300000000,46.37590000000
1119,-123.98100000000,46.33140000000
1120,-123.53400000000,46.78050000000
1121,-123.52200000000,46.54640000000
1122,-123.89200000000,46.43550000000
1123,-123.88900000000,46.61750000000
1124,-123.71900000000,46.64980000000
1125,-123.70300000000,46.67550000000
1126,-123.40700000000,46.54710000000
1127,-123.87200000000,46.43070000000
1128,-124.02500000000,46.32930000000
1129,-123.55500000000,46.56660000000
1130,-123.72700000000,46.68690000000
1131,-123.84600000000,46.50410000000
1132,-123.75500000000,46.68220000000
1133,-124.00800000000,46.31400000000
1134,-124.01700000000,46.31950000000
1135,-123.65500000000,46.65120000000
1136,-123.86700000000,46.52740000000
1137,-123.94000000000,46.29690000000
1138,-123.67200000000,46.70800000000
1139,-123.95100000000,46.28090000000
1140,-123.66700000000,46.66370000000
1141,-123.58900000000,46.56270000000
1142,-123.74300000000,46.68020000000
1143,-123.65800000000,46.40640000000
1144,-123.95200000000,46.62850000000
1145,-123.70800000000,46.68830000000
1146,-123.86900000000,46.44560000000
1147,-123.57300000000,46.55440000000
1148,-123.36900000000,46.56280000000
1149,-123.59200000000,46.78770000000
1150,-123.63300000000,46.60710000000
1151,-123.71000000000,46.69290000000
1152,-123.76300000000,46.67690000000
1153,-123.92000000000,46.74140000000
1154,-123.65100000000,46.62330000000
1155,-123.65700000000,46.65610000000
1156,-123.65700000000,46.65560000000
1157,-123.90300000000,46.58880000000
1158,-123.87500000000,46.24090000000
1159,-123.95400000000,46.63060000000
1160,-123.65800000000,46.67950000000
1161,-123.95800000000,46.61390000000
1162,-123.52200000000,46.53840000000
1163,-124.01500000000,46.72120000000
1164,-123.82800000000,46.66110000000
1165,-123.54700000000,46.56330000000
1166,-123.74500000000,46.37170000000
1167,-123.67200000000,46.74840000000
1168,-123.90500000000,46.24580000000
1169,-123.82300000000,46.62720000000
1170,-123.69600000000,46.75230000000
1171,-123.62600000000,46.58530000000
1172,-123.76000000000,46.68270000000
1173,-123.92300000000,46.62990000000
1174,-123.84200000000,46.38440000000
1175,-123.83300000000,46.39280000000
1176,-123.92300000000,46.25370000000
1177,-123.79800000000,46.66210000000
1178,-123.75500000000,46.75990000000
1179,-123.92800000000,46.59510000000
1180,-123.92300000000,46.62420000000
1181,-123.95300000000,46.35940000000
1182,-123.88700000000,46.26100000000
1183,-123.65400000000,46.62600000000
1184,-123.90200000000,46.49180000000
1185,-123.67600000000,46.60880000000
1186,-124.01500000000,46.31990000000
1187,-123.87700000000,46.52100000000
1188,-123.98000000000,46.73910000000
1189,-123.82500000000,46.62050000000
1190,-123.65600000000,46.68670000000
1191,-123.80600000000,46.29890000000
1192,-124.06900000000,46.29860000000
1193,-123.79800000000,46.33030000000
1194,-123.88900000000,46.53230000000
1195,-123.72900000000,46.40960000000
1196,-123.76600000000,46.68080000000
1197,-123.91100000000,46.50840000000
1198,-123.87400000000,46.45700000000
1199,-123.98300000000,46.32110000000
1200,-123.84500000000,46.50410000000
1201,-123.67500000000,46.39770000000
1202,-123.71500000000,46.73630000000
1203,-123.81000000000,46.29440000000
1204,-123.56600000000,46.57600000000
1205,-123.94100000000,46.40330000000
1206,-123.73800000000,46.69710000000
1207,-123.90700000000,46.61280000000
1208,-123.91800000000,46.64460000000
1209,-123.91400000000,46.67730000000
1210,-123.73000000000,46.41000000000
1211,-123.65400000000,46.65120000000
1212,-123.61500000000,46.55160000000
1213,-123.65200000000,46.61470000000
1214,-123.72700000000,46.37040000000
1215,-123.73900000000,46.69420000000
1216,-123.73900000000,46.37490000000
1217,-123.68700000000,46.67620000000
1218,-123.52600000000,46.54810000000
1219,-123.62600000000,46.77510000000
1220,-123.73100000000,46.37290000000
1221,-123.72900000000,46.38220000000
1222,-123.96700000000,46.30980000000
1223,-123.91900000000,46.59800000000
1224,-123.81400000000,46.34740000000
1225,-123.77900000000,46.68200000000
1226,-123.98500000000,46.32180000000
1227,-123.80300000000,46.37550000000
1228,-123.88800000000,46.49130000000
1229,-124.05800000000,46.28450000000
1230,-123.78500000000,46.66750000000
1231,-123.92100000000,46.42380000000
1232,-123.66700000000,46.66450000000
1233,-123.56800000000,46.57930000000
1234,-123.74500000000,46.37410000000
1235,-123.68200000000,46.65720000000
1236,-123.76300000000,46.67700000000
1237,-123.95300000000,46.62260000000
1238,-124.03100000000,46.31020000000
1239,-123.91600000000,46.57350000000
1240,-123.82300000000,46.62060000000
1241,-123.74900000000,46.67450000000
1242,-124.01000000000,46.71690000000
1243,-123.87600000000,46.24310000000
1244,-123.81700000000,46.66010000000
1245,-123.54800000000,46.78370000000
1246,-123.92700000000,46.63750000000
1247,-123.59100000000,46.56620000000
1248,-123.69100000000,46.62780000000
1249,-123.59400000000,46.56050000000
1250,-123.69200000000,46.66940000000
1251,-123.98300000000,46.70700000000
1252,-123.74200000000,46.67250000000
1253,-123.72300000000,46.65120000000
1254,-123.78700000000,46.66030000000
1255,-123.87300000000,46.52560000000
1256,-123.90000000000,46.67920000000
1257,-123.79300000000,46.66370000000
1258,-123.65000000000,46.62200000000
1259,-123.56600000000,46.54860000000
1260,-123.90700000000,46.44800000000
1261,-123.69300000000,46.66700000000
1262,-123.78000000000,46.68830000000
1263,-123.91900000000,46.59720000000
1264,-123.75300000000,46.76450000000
1265,-123.48900000000,46.54170000000
1266,-123.85600000000,46.43670000000
1267,-123.98900000000,46.31510000000
1268,-123.88800000000,46.49440000000
1269,-123.41500000000,46.79100000000
1270,-123.88600000000,46.47670000000
1271,-123.49100000000,46.77520000000
1272,-124.07200000000,46.29800000000
1273,-123.61900000000,46.58810000000
1274,-123.72000000000,46.66410000000
1275,-123.87900000000,46.52010000000
1276,-123.39100000000,46.54450000000
1277,-123.95700000000,46.61900000000
1278,-123.55900000000,46.56100000000
1279,-123.78400000000,46.66320000000
1280,-123.71900000000,46.66670000000
1281,-123.53400000000,46.55380000000
1282,-123.74700000000,46.67360000000
1283,-123.89000000000,46.61720000000
1284,-123.52300000000,46.54640000000
1285,-123.58100000000,46.56320000000
1286,-123.71100000000,46.73840000000
1287,-123.66700000000,46.66170000000
1288,-123.66900000000,46.60750000000
1289,-123.71900000000,46.66480000000
1290,-123.66400000000,46.63330000000
1291,-123.68900000000,46.66150000000
1292,-123.51700000000,46.54460000000
1293,-123.91900000000,46.59930000000
1294,-123.83700000000,46.65960000000
1295,-123.91900000000,46.64580000000
1296,-123.86900000000,46.51480000000
1297,-123.98400000000,46.31300000000
1298,-123.59100000000,46.56840000000
1299,-123.81300000000,46.35080000000
1300,-123.91700000000,46.60440000000
1301,-123.82500000000,46.59890000000
1302,-123.63600000000,46.76850000000
1303,-123.63400000000,46.61280000000
1304,-124.05100000000,46.30400000000
1305,-124.05200000000,46.27990000000
1306,-123.58000000000,46.59710000000
1307,-123.57700000000,46.78220000000
1308,-123.92300000000,46.73060000000
1309,-123.68500000000,46.62670000000
1310,-123.54200000000,46.63370000000
1311,-123.74300000000,46.35490000000
1312,-123.70800000000,46.67550000000
1313,-123.76300000000,46.67650000000
1314,-123.92000000000,46.66240000000
1315,-123.69500000000,46.38580000000
1316,-123.59400000000,46.62380000000
1317,-123.80100000000,46.30390000000
1318,-123.98000000000,46.73900000000
1319,-123.95600000000,46.62560000000
1320,-123.54700000000,46.56250000000
1321,-123.53700000000,46.78620000000
1322,-123.91600000000,46.58810000000
1323,-123.76100000000,46.67780000000
1324,-123.95200000000,46.37750000000
1325,-123.69900000000,46.67310000000
1326,-123.79500000000,46.66150000000
1327,-123.63200000000,46.60580000000
1328,-123.69600000000,46.66220000000
1329,-123.88700000000,46.49910000000
1330,-123.94100000000,46.29890000000
1331,-123.64900000000,46.70690000000
1332,-123.80100000000,46.30280000000
1333,-123.64700000000,46.75210000000
1334,-123.78800000000,46.66700000000
1335,-123.75200000000,46.68400000000
1336,-123.89100000000,46.24280000000
1337,-123.82300000000,46.64140000000
1338,-123.89100000000,46.24290000000
1339,-123.88800000000,46.52800000000
1340,-123.74200000000,46.37600000000
1341,-123.68800000000,46.66880000000
1342,-123.82900000000,46.64610000000
1343,-123.93300000000,46.61540000000
1344,-123.78200000000,46.36880000000
1345,-123.67700000000,46.62230000000
1346,-123.65600000000,46.65380000000
1347,-123.92400000000,46.59870000000
1348,-123.80900000000,46.28910000000
1349,-123.56400000000,46.57820000000
1350,-123.91800000000,46.59760000000
1351,-123.41400000000,46.55090000000
1352,-123.87900000000,46.42270000000
1353,-123.73700000000,46.69440000000
1354,-123.71100000000,46.67690000000
1355,-124.00000000000,46.31370000000
1356,-123.66000000000,46.61010000000
1357,-123.78500000000,46.68370000000
1358,-123.95400000000,46.63180000000
1359,-123.72700000000,46.35690000000
1360,-123.76100000000,46.37200000000
1361,-123.80800000000,46.29750000000
1362,-123.82400000000,46.38730000000
1363,-123.97300000000,46.30340000000
1364,-123.85100000000,46.39780000000
1365,-123.95100000000,46.39340000000
1366,-123.74000000000,46.68020000000
1367,-123.78800000000,46.37830000000
1368,-124.05300000000,46.29730000000
1369,-123.93700000000,46.30340000000
1370,-123.87900000000,46.51900000000
1371,-123.67800000000,46.62490000000
1372,-123.47300000000,46.54430000000
1373,-123.80900000000,46.66250000000
1374,-123.81200000000,46.66490000000
1375,-123.78200000000,46.68400000000
1376,-124.05100000000,46.29660000000
1377,-123.95400000000,46.60690000000
1378,-123.51200000000,46.54250000000
1379,-124.00600000000,46.32210000000
1380,-123.76900000000,46.68760000000
1381,-123.81700000000,46.38160000000
1382,-123.74600000000,46.69270000000
1383,-123.79200000000,46.36520000000
1384,-123.84100000000,46.65960000000
1385,-123.72700000000,46.37750000000
1386,-123.61900000000,46.57100000000
1387,-123.95000000000,46.37340000000
1388,-123.67200000000,46.70750000000
1389,-123.89200000000,46.53910000000
1390,-123.68300000000,46.61980000000
1391,-123.83600000000,46.72140000000
1392,-123.67400000000,46.66020000000
1393,-123.73900000000,46.77800000000
1394,-123.79400000000,46.37670000000
1395,-123.94800000000,46.27600000000
1396,-123.89000000000,46.53600000000
1397,-123.69000000000,46.67300000000
1398,-123.51500000000,46.54220000000
1399,-123.48100000000,46.77660000000
1400,-123.72600000000,46.65840000000
1401,-123.74100000000,46.71030000000
1402,-124.02300000000,46.33080000000
1403,-123.66300000000,46.64730000000
1404,-123.56300000000,46.62550000000
1405,-123.63500000000,46.58230000000
1406,-123.80200000000,46.31630000000
1407,-123.69200000000,46.69770000000
1408,-123.89100000000,46.49490000000
1409,-123.96400000000,46.29720000000
1410,-123.64200000000,46.62630000000
1411,-123.88400000000,46.68580000000
1412,-123.95400000000,46.31590000000
1413,-123.74900000000,46.68960000000
1414,-123.95200000000,46.39200000000
1415,-123.74000000000,46.67450000000
1416,-123.95000000000,46.37240000000
1417,-123.75400000000,46.68590000000
1418,-123.73800000000,46.71120000000
1419,-123.77000000000,46.66920000000
1420,-123.76900000000,46.36520000000
1421,-123.75700000000,46.66480000000
1422,-123.69500000000,46.66400000000
1423,-123.87400000000,46.45920000000
1424,-123.73200000000,46.68350000000
1425,-123.53600000000,46.55520000000
1426,-123.88600000000,46.75090000000
1427,-123.92900000000,46.59720000000
1428,-123.88600000000,46.50750000000
1429,-123.93900000000,46.30190000000
1430,-123.66900000000,46.67190000000
1431,-123.56900000000,46.57800000000
1432,-123.74700000000,46.69430000000
1433,-123.75200000000,46.76480000000
1434,-123.93700000000,46.28700000000
1435,-123.61500000000,46.55880000000
1436,-123.56500000000,46.54550000000
1437,-123.75600000000,46.68480000000
1438,-123.74800000000,46.37140000000
1439,-123.69600000000,46.64990000000
1440,-123.72100000000,46.67750000000
1441,-123.63600000000,46.58190000000
1442,-123.69200000000,46.67560000000
1443,-123.91300000000,46.58830000000
1444,-123.88600000000,46.50150000000
1445,-123.49000000000,46.54150000000
1446,-123.62200000000,46.56280000000
1447,-123.99300000000,46.71060000000
1448,-123.74900000000,46.35630000000
1449,-123.90700000000,46.49740000000
1450,-123.84300000000,46.38360000000
1451,-123.77700000000,46.68520000000
1452,-123.80200000000,46.69320000000
1453,-123.56900000000,46.56160000000
1454,-123.61600000000,46.55080000000
1455,-123.74500000000,46.73690000000
1456,-123.95000000000,46.62760000000
1457,-123.62900000000,46.58530000000
1458,-123.98500000000,46.33090000000
1459,-123.73800000000,46.73930000000
1460,-124.05500000000,46.30240000000
1461,-123.81200000000,46.35640000000
1462,-124.06400000000,46.28630000000
1463,-123.83800000000,46.40160000000
1464,-123.81300000000,46.34040000000
1465,-123.67400000000,46.40930000000
1466,-123.84900000000,46.72360000000
1467,-123.74100000000,46.78260000000
1468,-123.54300000000,46.56510000000
1469,-123.50500000000,46.54260000000
1470,-123.94800000000,46.28340000000
1471,-123.91800000000,46.67570000000
1472,-123.96200000000,46.29330000000
1473,-123.70400000000,46.67360000000
1474,-123.78200000000,46.36900000000
1475,-123.75000000000,46.35680000000
1476,-123.74800000000,46.74640000000
1477,-123.81300000000,46.28050000000
1478,-123.96400000000,46.29730000000
1479,-123.78400000000,46.66470000000
1480,-123.72700000000,46.37010000000
1481,-123.95100000000,46.39710000000
1482,-123.89200000000,46.52530000000
1483,-123.56500000000,46.57640000000
1484,-123.93800000000,46.40550000000
1485,-123.99400000000,46.31210000000
1486,-123.95800000000,46.62940000000
1487,-123.69200000000,46.69770000000
1488,-123.86800000000,46.44440000000
1489,-123.78500000000,46.66770000000
1490,-124.02000000000,46.31830000000
1491,-123.81300000000,46.35490000000
1492,-123.88800000000,46.47850000000
1493,-123.67900000000,46.68610000000
1494,-123.45000000000,46.54830000000
1495,-123.90900000000,46.42960000000
1496,-123.65800000000,46.68520000000
1497,-123.71800000000,46.64710000000
1498,-123.74200000000,46.67260000000
1499,-123.73300000000,46.68880000000
1500,-123.56700000000,46.62410000000
1501,-123.96600000000,46.29980000000
1502,-123.90700000000,46.49720000000
1503,-123.68600000000,46.65730000000
1504,-123.65800000000,46.63330000000
1505,-123.56200000000,46.56260000000
1506,-123.67600000000,46.40690000000
1507,-123.82100000000,46.63750000000
1508,-123.73100000000,46.66460000000
1509,-123.79200000000,46.66610000000
1510,-123.91600000000,46.57440000000
1511,-123.49900000000,46.53250000000
1512,-123.73000000000,46.40450000000
1513,-123.85500000000,46.25480000000
1514,-123.76000000000,46.37010000000
1515,-123.73800000000,46.67090000000
1516,-123.74800000000,46.69380000000
1517,-123.89800000000,46.43510000000
1518,-124.00800000000,46.72700000000
1519,-123.54800000000,46.56320000000
1520,-123.95400000000,46.28490000000
1521,-123.80500000000,46.37210000000
1522,-123.66600000000,46.74820000000
1523,-123.69600000000,46.69780000000
1524,-123.80800000000,46.66290000000
1525,-123.83500000000,46.39430000000
1526,-124.03800000000,46.30780000000
1527,-123.95300000000,46.31470000000
1528,-123.61900000000,46.57520000000
1529,-123.81300000000,46.64860000000
1530,-123.80700000000,46.28670000000
1531,-123.79900000000,46.32410000000
1532,-123.76200000000,46.36080000000
1533,-123.84800000000,46.41980000000
1534,-123.94300000000,46.27660000000
1535,-123.87800000000,46.73330000000
1536,-123.95200000000,46.39210000000
1537,-123.91300000000,46.59310000000
1538,-123.91900000000,46.64380000000
1539,-123.62000000000,46.58910000000
1540,-123.70300000000,46.67480000000
1541,-123.51000000000,46.77270000000
1542,-123.74800000000,46.76890000000
1543,-123.76000000000,46.75150000000
1544,-123.54300000000,46.56530000000
1545,-123.52300000000,46.54620000000
1546,-123.84100000000,46.40770000000
1547,-123.85000000000,46.51020000000
1548,-123.69300000000,46.67170000000
1549,-123.72800000000,46.69590000000
1550,-123.97800000000,46.70490000000
1551,-123.81300000000,46.64860000000
1552,-123.72700000000,46.74090000000
1553,-123.90000000000,46.75070000000
1554,-123.60300000000,46.55440000000
1555,-123.76500000000,46.67520000000
1556,-123.93100000000,46.64460000000
1557,-123.81900000000,46.66570000000
1558,-123.79100000000,46.36510000000
1559,-123.92200000000,46.63690000000
1560,-123.83700000000,46.69230000000
1561,-123.73200000000,46.68510000000
1562,-123.82900000000,46.71850000000
1563,-123.67800000000,46.62920000000
1564,-123.96200000000,46.31600000000
1565,-123.98100000000,46.33200000000
1566,-123.92100000000,46.25340000000
1567,-123.95100000000,46.37030000000
1568,-124.00700000000,46.72720000000
1569,-123.72500000000,46.72090000000
1570,-123.96400000000,46.31910000000
1571,-123.64400000000,46.58690000000
1572,-123.91600000000,46.57630000000
1573,-123.58400000000,46.56010000000
1574,-123.87500000000,46.63510000000
1575,-124.02700000000,46.31190000000
1576,-123.82300000000,46.39340000000
1577,-123.64900000000,46.62460000000
1578,-123.82100000000,46.67670000000
1579,-123.46700000000,46.54230000000
1580,-123.74500000000,46.72990000000
1581,-123.95500000000,46.27890000000
1582,-123.56900000000,46.57500000000
1583,-123.69000000000,46.66520000000
1584,-123.87700000000,46.25770000000
1585,-123.78400000000,46.37140000000
1586,-123.43900000000,46.79150000000
1587,-123.94400000000,46.26980000000
1588,-123.53600000000,46.78310000000
1589,-123.74900000000,46.76830000000
1590,-123.99200000000,46.33090000000
1591,-123.58500000000,46.62220000000
1592,-123.95500000000,46.61860000000
1593,-123.58100000000,46.56330000000
1594,-123.72400000000,46.68570000000
1595,-123.67600000000,46.62170000000
1596,-123.87300000000,46.72940000000
1597,-123.72200000000,46.68590000000
1598,-123.87800000000,46.73190000000
1599,-123.73200000000,46.66440000000
1600,-123.80300000000,46.37630000000
1601,-123.94300000000,46.27550000000
1602,-123.96800000000,46.70670000000
1603,-123.92200000000,46.42110000000
1604,-123.61300000000,46.63880000000
1605,-123.77000000000,46.68700000000
1606,-123.93000000000,46.64580000000
1607,-123.80200000000,46.37520000000
1608,-123.82500000000,46.66060000000
1609,-123.92000000000,46.57460000000
1610,-123.77200000000,46.36410000000
1611,-123.54600000000,46.56400000000
1612,-123.90800000000,46.50550000000
1613,-123.93800000000,46.59870000000
1614,-123.86100000000,46.53100000000
1615,-123.48500000000,46.53250000000
1616,-123.96600000000,46.30600000000
1617,-123.92000000000,46.63920000000
1618,-123.75900000000,46.69730000000
1619,-123.74600000000,46.67410000000
1620,-123.72800000000,46.68850000000
1621,-123.98400000000,46.30930000000
1622,-123.67400000000,46.63010000000
1623,-123.82400000000,46.38500000000
1624,-124.03000000000,46.72840000000
1625,-124.01200000000,46.72620000000
1626,-123.61400000000,46.78330000000
1627,-123.60900000000,46.55450000000
1628,-123.72100000000,46.69630000000
1629,-123.89400000000,46.68010000000
1630,-123.95500000000,46.31650000000
1631,-123.86700000000,46.52660000000
1632,-123.71500000000,46.63760000000
1633,-123.51200000000,46.53780000000
1634,-123.80600000000,46.69900000000
1635,-123.81500000000,46.35950000000
1636,-124.04300000000,46.30750000000
1637,-123.51700000000,46.77580000000
1638,-123.95200000000,46.27970000000
1639,-123.97100000000,46.34010000000
1640,-123.77900000000,46.67330000000
1641,-123.52500000000,46.77590000000
1642,-123.94700000000,46.27550000000
1643,-123.45300000000,46.54780000000
1644,-123.78100000000,46.68690000000
1645,-123.74000000000,46.69720000000
1646,-123.74600000000,46.68330000000
1647,-123.93600000000,46.30340000000
1648,-123.61600000000,46.64260000000
1649,-123.93300000000,46.41650000000
1650,-123.93200000000,46.26270000000
1651,-123.66700000000,46.63310000000
1652,-123.88400000000,46.74890000000
1653,-124.03100000000,46.30910000000
1654,-123.64900000000,46.62300000000
1655,-123.94800000000,46.40330000000
1656,-123.86300000000,46.51320000000
1657,-123.59900000000,46.55450000000
1658,-123.67700000000,46.70700000000
1659,-123.75300000000,46.68620000000
1660,-123.65300000000,46.75170000000
1661,-123.80100000000,46.31840000000
1662,-123.77000000000,46.36790000000
1663,-123.62000000000,46.59550000000
1664,-123.92200000000,46.73190000000
1665,-123.83100000000,46.27000000000
1666,-123.77700000000,46.68220000000
1667,-123.49800000000,46.54040000000
1668,-123.74700000000,46.69340000000
1669,-123.67800000000,46.66770000000
1670,-123.78800000000,46.66820000000
1671,-123.93200000000,46.26250000000
1672,-123.82800000000,46.71640000000
1673,-123.63900000000,46.75760000000
1674,-123.53300000000,46.55310000000
1675,-123.96600000000,46.30890000000
1676,-123.63800000000,46.57990000000
1677,-123.50700000000,46.53400000000
1678,-123.64900000000,46.70600000000
1679,-123.69100000000,46.70090000000
1680,-123.66600000000,46.67800000000
1681,-123.93700000000,46.26580000000
1682,-123.68100000000,46.65310000000
1683,-123.99400000000,46.71020000000
1684,-123.79500000000,46.66410000000
1685,-123.65100000000,46.58430000000
1686,-123.66600000000,46.41330000000
1687,-124.06700000000,46.27630000000
1688,-123.54300000000,46.55850000000
1689,-123.72900000000,46.77830000000
1690,-123.88100000000,46.52040000000
1691,-123.90500000000,46.56030000000
1692,-123.75500000000,46.76200000000
1693,-123.56500000000,46.62450000000
1694,-123.82700000000,46.37070000000
1695,-123.51200000000,46.53890000000
1696,-124.05500000000,46.29940000000
1697,-123.49600000000,46.53220000000
1698,-123.85000000000,46.42620000000
1699,-123.76000000000,46.74980000000
1700,-123.72300000000,46.38520000000
1701,-123.91600000000,46.43000000000
1702,-123.90700000000,46.56310000000
1703,-123.90800000000,46.61390000000
1704,-123.61900000000,46.56780000000
1705,-123.62900000000,46.57640000000
1706,-124.01200000000,46.71990000000
1707,-123.94400000000,46.27250000000
1708,-123.83700000000,46.37800000000
1709,-123.59600000000,46.55330000000
1710,-123.62200000000,46.59510000000
1711,-123.51600000000,46.53400000000
1712,-123.73300000000,46.35720000000
1713,-123.85300000000,46.40440000000
1714,-123.82500000000,46.59650000000
1715,-123.67400000000,46.39620000000
1716,-123.60800000000,46.58650000000
1717,-123.69300000000,46.66470000000
1718,-123.86600000000,46.44300000000
1719,-123.95100000000,46.36980000000
1720,-123.86500000000,46.43090000000
1721,-123.69200000000,46.67230000000
1722,-123.75000000000,46.35500000000
1723,-123.48300000000,46.53350000000
1724,-123.78300000000,46.66480000000
1725,-123.71000000000,46.69220000000
1726,-123.74200000000,46.67460000000
1727,-123.72600000000,46.68910000000
1728,-123.57500000000,46.62370000000
1729,-123.84000000000,46.72160000000
1730,-123.94200000000,46.26920000000
1731,-123.94800000000,46.31240000000
1732,-123.73100000000,46.74340000000
1733,-123.87300000000,46.68590000000
1734,-123.71000000000,46.65740000000
1735,-123.71900000000,46.73490000000
1736,-123.73400000000,46.38250000000
1737,-123.94100000000,46.59980000000
1738,-123.94100000000,46.30180000000
1739,-123.67600000000,46.62960000000
1740,-123.81300000000,46.35610000000
1741,-123.53700000000,46.78460000000
1742,-123.94200000000,46.27840000000
1743,-123.82300000000,46.67790000000
1744,-123.94200000000,46.30100000000
1745,-123.74300000000,46.67560000000
1746,-123.78800000000,46.65970000000
1747,-123.74900000000,46.69270000000
1748,-123.73200000000,46.77830000000
1749,-123.62600000000,46.57630000000
1750,-123.72200000000,46.66900000000
1751,-123.78900000000,46.66430000000
1752,-123.55000000000,46.55990000000
1753,-123.65700000000,46.62000000000
1754,-123.42000000000,46.79330000000
1755,-123.91100000000,46.61490000000
1756,-123.87000000000,46.72890000000
1757,-123.90700000000,46.44820000000
1758,-124.00800000000,46.31600000000
1759,-123.68100000000,46.67030000000
1760,-123.82600000000,46.64440000000
1761,-123.70000000000,46.69690000000
1762,-123.74200000000,46.77640000000
1763,-123.62000000000,46.59720000000
1764,-123.95700000000,46.61930000000
1765,-123.70900000000,46.68830000000
1766,-123.41900000000,46.55080000000
1767,-124.05500000000,46.28040000000
1768,-123.88600000000,46.47700000000
1769,-123.87300000000,46.45150000000
1770,-123.73500000000,46.38180000000
1771,-123.51000000000,46.77200000000
1772,-123.87700000000,46.62000000000
1773,-123.45500000000,46.77790000000
1774,-123.78500000000,46.67070000000
1775,-123.80800000000,46.66210000000
1776,-123.71200000000,46.67800000000
1777,-123.63300000000,46.62050000000
1778,-123.63900000000,46.57900000000
1779,-123.77900000000,46.68190000000
1780,-123.56400000000,46.56010000000
1781,-123.59500000000,46.58620000000
1782,-123.64300000000,46.72240000000
1783,-123.82200000000,46.64080000000
1784,-123.93800000000,46.40460000000
1785,-123.94500000000,46.62000000000
1786,-123.74500000000,46.35510000000
1787,-123.59300000000,46.56110000000
1788,-123.93500000000,46.59820000000
1789,-124.05100000000,46.29570000000
1790,-124.03900000000,46.31270000000
1791,-123.89300000000,46.54660000000
1792,-123.95000000000,46.72700000000
1793,-123.57800000000,46.78280000000
1794,-123.74500000000,46.68120000000
1795,-123.81100000000,46.29190000000
1796,-123.94500000000,46.30680000000
1797,-123.86200000000,46.64830000000
1798,-123.47700000000,46.54400000000
1799,-123.95300000000,46.36140000000
1800,-123.51200000000,46.53690000000
1801,-123.42900000000,46.79480000000
1802,-123.58300000000,46.62270000000
1803,-123.81600000000,46.35260000000
1804,-123.87000000000,46.51550000000
1805,-123.67600000000,46.38910000000
1806,-123.87000000000,46.24330000000
1807,-123.68100000000,46.62730000000
1808,-123.95100000000,46.39960000000
1809,-123.70200000000,46.65870000000
1810,-123.63600000000,46.57770000000
1811,-124.05800000000,46.29220000000
1812,-123.81000000000,46.29370000000
1813,-123.79900000000,46.36710000000
1814,-123.71800000000,46.67710000000
1815,-123.74900000000,46.68330000000
1816,-123.69500000000,46.66560000000
1817,-123.82400000000,46.66750000000
1818,-124.04000000000,46.31290000000
1819,-123.76600000000,46.67090000000
1820,-123.61900000000,46.56970000000
1821,-123.61400000000,46.56060000000
1822,-123.76300000000,46.69220000000
1823,-123.95500000000,46.61350000000
1824,-123.48700000000,46.54250000000
1825,-123.53500000000,46.79290000000
1826,-123.56600000000,46.58760000000
1827,-123.82300000000,46.66060000000
1828,-123.86800000000,46.44480000000
1829,-123.76500000000,46.36000000000
1830,-123.77300000000,46.75140000000
1831,-124.03500000000,46.31100000000
1832,-123.68500000000,46.67340000000
1833,-124.07500000000,46.28990000000
1834,-123.94900000000,46.27320000000
1835,-123.74100000000,46.67310000000
1836,-123.95100000000,46.62890000000
1837,-123.54300000000,46.63370000000
1838,-123.47100000000,46.54190000000
1839,-123.78300000000,46.37030000000
1840,-123.92100000000,46.25450000000
1841,-123.71900000000,46.38790000000
1842,-123.81300000000,46.34930000000
1843,-123.84600000000,46.65890000000
1844,-123.88800000000,46.48150000000
1845,-123.65800000000,46.65480000000
1846,-123.79000000000,46.65990000000
1847,-123.66800000000,46.67310000000
1848,-123.82600000000,46.68120000000
1849,-124.00500000000,46.32390000000
1850,-123.72100000000,46.68490000000
1851,-123.83700000000,46.66060000000
1852,-123.88100000000,46.25920000000
1853,-123.86000000000,46.51330000000
1854,-123.90600000000,46.44040000000
1855,-123.87900000000,46.46500000000
1856,-123.50100000000,46.54220000000
1857,-123.79900000000,46.69350000000
1858,-124.05200000000,46.29520000000
1859,-123.67300000000,46.38430000000
1860,-123.78500000000,46.66340000000
1861,-123.72700000000,46.68910000000
1862,-123.88800000000,46.48260000000
1863,-123.77400000000,46.36540000000
1864,-123.74800000000,46.73350000000
1865,-123.95300000000,46.61190000000
1866,-124.03900000000,46.30580000000
1867,-123.94300000000,46.30170000000
1868,-123.95500000000,46.62280000000
1869,-123.51500000000,46.77550000000
1870,-123.76500000000,46.37130000000
1871,-124.03400000000,46.30500000000
1872,-123.92100000000,46.63530000000
1873,-123.88800000000,46.42500000000
1874,-123.65900000000,46.64570000000
1875,-123.65100000000,46.62600000000
1876,-123.53100000000,46.55120000000
1877,-123.41000000000,46.54840000000
1878,-123.85500000000,46.42810000000
1879,-123.91500000000,46.59490000000
1880,-124.04500000000,46.30550000000
1881,-123.77000000000,46.67020000000
1882,-123.83100000000,46.68680000000
1883,-123.81400000000,46.66110000000
1884,-123.36800000000,46.55180000000
1885,-123.90500000000,46.50010000000
1886,-123.67200000000,46.68100000000
1887,-124.02800000000,46.72680000000
1888,-123.40600000000,46.54660000000
1889,-123.65100000000,46.61720000000
1890,-123.76300000000,46.68160000000
1891,-123.73400000000,46.68700000000
1892,-123.65400000000,46.65070000000
1893,-123.89500000000,46.42700000000
1894,-123.92500000000,46.59880000000
1895,-123.84200000000,46.65950000000
1896,-123.92500000000,46.61220000000
1897,-123.46500000000,46.77710000000
1898,-123.87700000000,46.43050000000
1899,-123.82800000000,46.37250000000
1900,-123.78300000000,46.66610000000
1901,-123.63400000000,46.62870000000
1902,-123.95700000000,46.61910000000
1903,-123.47300000000,46.77480000000
1904,-123.94700000000,46.27390000000
1905,-123.94000000000,46.61730000000
1906,-123.78400000000,46.67330000000
1907,-123.61500000000,46.55870000000
1908,-123.68000000000,46.62860000000
1909,-123.94500000000,46.27240000000
1910,-124.04100000000,46.72850000000
1911,-123.81000000000,46.65330000000
1912,-123.82000000000,46.66830000000
1913,-123.69600000000,46.67260000000
1914,-123.73100000000,46.68990000000
1915,-123.63300000000,46.40470000000
1916,-123.73200000000,46.68360000000
1917,-123.89100000000,46.49490000000
1918,-123.64300000000,46.72190000000
1919,-123.79100000000,46.66510000000
1920,-123.93300000000,46.30320000000
1921,-124.05300000000,46.28430000000
1922,-123.88100000000,46.47130000000
1923,-123.71900000000,46.38690000000
1924,-123.80600000000,46.36380000000
1925,-123.81200000000,46.34270000000
1926,-123.47900000000,46.54440000000
1927,-123.76200000000,46.69640000000
1928,-123.82300000000,46.36830000000
1929,-124.03900000000,46.30610000000
1930,-123.86700000000,46.41790000000
1931,-123.61000000000,46.55500000000
1932,-123.87600000000,46.51740000000
1933,-123.50400000000,46.54270000000
1934,-123.73300000000,46.37340000000
1935,-123.65100000000,46.70130000000
1936,-123.59600000000,46.62690000000
1937,-123.57100000000,46.57380000000
1938,-123.87500000000,46.42190000000
1939,-123.80900000000,46.69980000000
1940,-123.56200000000,46.62580000000
1941,-123.89700000000,46.24400000000
1942,-123.67700000000,46.62490000000
1943,-123.95100000000,46.62380000000
1944,-123.92400000000,46.25500000000
1945,-123.89200000000,46.53390000000
1946,-123.39600000000,46.54440000000
1947,-123.79900000000,46.66170000000
1948,-123.74100000000,46.37070000000
1949,-123.87200000000,46.24260000000
1950,-123.96900000000,46.30720000000
1951,-123.86300000000,46.25020000000
1952,-123.66300000000,46.67460000000
1953,-123.73800000000,46.74060000000
1954,-123.78900000000,46.36500000000
1955,-124.00100000000,46.71120000000
1956,-123.72800000000,46.37370000000
1957,-123.85400000000,46.69600000000
1958,-123.81400000000,46.27770000000
1959,-123.84600000000,46.38870000000
1960,-123.76100000000,46.69660000000
1961,-123.82300000000,46.66240000000
1962,-123.96000000000,46.35350000000
1963,-123.70300000000,46.70780000000
1964,-123.78700000000,46.37340000000
1965,-123.74500000000,46.73000000000
1966,-123.80300000000,46.37390000000
1967,-123.80800000000,46.34580000000
1968,-123.71900000000,46.66650000000
1969,-123.57000000000,46.56170000000
1970,-123.76400000000,46.66830000000
1971,-123.70100000000,46.66890000000
1972,-124.06000000000,46.28480000000
1973,-124.05300000000,46.28130000000
1974,-124.05500000000,46.29920000000
1975,-123.66600000000,46.68140000000
1976,-123.69300000000,46.66680000000
1977,-124.00800000000,46.31740000000
1978,-123.61900000000,46.59580000000
1979,-124.05600000000,46.28530000000
1980,-123.56500000000,46.57600000000
1981,-123.91000000000,46.67780000000
1982,-123.62200000000,46.59820000000
1983,-123.50200000000,46.77550000000
1984,-123.62500000000,46.77560000000
1985,-123.77700000000,46.66450000000
1986,-123.44900000000,46.78520000000
1987,-123.59600000000,46.55360000000
1988,-123.71500000000,46.63810000000
1989,-123.81300000000,46.35100000000
1990,-123.94200000000,46.40350000000
1991,-123.82200000000,46.62670000000
1992,-123.73000000000,46.36870000000
1993,-123.69300000000,46.66480000000
1994,-123.98500000000,46.73480000000
1995,-123.50100000000,46.77540000000
1996,-123.69400000000,46.38620000000
1997,-123.81700000000,46.69910000000
1998,-123.72000000000,46.67800000000
1999,-123.87600000000,46.63360000000
2000,-123.96800000000,46.30630000000
