Address,Latitude,Longitude
2032 WILLIAMS STREET,46.67694,-123.71031
1507 WHEATON STREET,46.669483,-123.67584
1301 120TH PLACE,46.38893,-124.05511
1481 PACIFIC AVENUE,46.677727,-123.71841
5409 SCHOOL ST,46.67641,-123.66626
23 PARPALA ROAD,46.36648,-123.814575
1172 STATE ROUTE 4,46.35672,-123.760261
1035 BRADFORD STREET,46.673065,-123.745766
32400 DOUGLAS DR,46.537186,-124.032906
136 WILSON LANE,46.639034,-123.934395
791 DEARBORN ST,46.676956,-123.76154
2825 234TH LN,46.470978,-124.0368
2768 STATE ROUTE 105,46.77287,-124.08201
35510 STACKPOLE ROAD,46.5756,-124.03291
1235 HOWARD STREET,46.694916,-123.747246
1335 MORRIS AVE,46.678562,-123.720566
422 FRANKLIN ST,46.68884,-123.73222
31200 N PL,46.52797,-124.05056
1119 DURYEA ST,46.68665,-123.72379
2257 BUSH AVENUE,46.695374,-123.73409
1313 TOWER AVENUE,46.687515,-123.72212
18716 SANDRIDGE ROAD,46.437565,-124.02349
32203 I STREET,46.5354,-124.055435
133 FALL RIVER ROAD,46.766045,-123.51471
17 GOLDAU ROAD,46.587757,-123.62177
5409 SCHOOL ST,46.67641,-123.66626
20217 P PL,46.448177,-124.05002
898 STATE ROUTE 4,46.3742,-123.78795
1192 STATE ROUTE 4,46.354911,-123.759188
527 MCKINLEY AVE,46.672287,-123.74017
13509 SANDRIDGE ROAD,46.3993,-124.02374
902 324TH PL,46.53709,-124.056015
1515 178TH PLACE,46.43134,-124.0524
1801 201ST ST,46.447575,-124.048325
29920 W PL,46.519108,-124.041565
2107 208TH PLACE,46.452747,-124.04508
31704 G ST,46.53153,-124.05768
1303 UDELL-HANSEN RD,46.76508,-124.07192
1800 FOWLER ROAD,46.664444,-123.73208
28114 Q STREET,46.506115,-124.04808
750 MAY ST,46.67658,-123.73829
1169 PROSPECT AVENUE,46.673843,-123.78066
44 UPPER NASELLE RD,46.36748,-123.771416
14 KASANDRA LANE,46.371784,-123.76868
621 OSTMAN RD,46.6687,-123.741455
110 SOUTH BEND PALIX ROAD,46.61254,-123.9067
1829 198TH PL,46.446014,-124.046831
2615 357TH LANE,46.560802,-124.0357
2051 BLOOMHARDT RD,46.6666191,-123.7189283
335 CAMP ONE RD,46.65984,-123.668365
1320 179TH LANE,46.43196,-124.05165
21403 PACIFIC WAY,46.457077,-124.05296
7 HOLM LANE,46.396847,-123.83624
22409 PACIFIC HIGHWAY,46.464516,-124.05262
335 MILL CREEK RD,46.647327,-123.64216
1710 S 7TH ST,46.347388,-124.050235
32304 T PLACE,46.53604,-124.04398
1221 WILLAPA FIRST ST,46.671826,-123.667309
1112 STATE ROUTE 4,46.360534,-123.767122
2721 STATE ROUTE 6,46.54297,-123.50962
1104 WILLAPA STREET,46.69384,-123.74185
27011 VERNON AVENUE,46.498074,-124.04979
659 SMITH CREEK RD,46.753334,-123.681595
1608 OREGON AVE N,46.3629,-124.052666
2003 FOWLER ROAD,46.661617,-123.73132
611 LINCOLN,46.678593,-123.74102
21310 BIRCH PL,46.456333,-124.037834
24516 Y LANE,46.47956,-124.04012
4 NYBERG ROAD,46.346867,-123.812775
1504 268TH PL,46.496544,-124.04945
702 BARNHART STREET,46.677216,-123.74206
3710 OLDANI ROAD,46.66849,-123.68759
611 LINCOLN,46.678593,-123.74102
20209 CRANE PL,46.448338,-124.03761
669 WARD CREEK RD,46.726234,-123.642
3304 238TH PLACE,46.47436,-124.030685
5811 SANDRIDGE ROAD,46.34428,-124.04146
2707 234TH LN,46.471,-124.037735
8 HYLAND-STRINGER ROAD,46.585682,-123.63195
1112 GODFREY ST,46.693882,-123.74425
24116 V LN,46.47745,-124.04348
1293 DOLAN STREET,46.671074,-123.679245
2704 240TH PLACE,46.47614,-124.038185
24013 J LANE,46.514977,-124.05476
1010 WILLAPA ROAD,46.673813,-123.66936
1060 FOWLER STREET,46.672886,-123.739365
34900 STACKPOLE RD,46.570583,-124.034195
363 SOUTH FORK ROAD,46.627693,-123.69299
2807 225TH PL,46.46538,-124.037285
7302 V PL,46.355263,-124.04409
4103 180TH PLACE,46.43246,-124.02486
166 SKEES ROAD,46.55211,-123.56907
2005 WILLIAMS ST,46.67695,-123.71063
24811 DELL PLACE,46.48172,-124.035286
1013 DURYEA STREET,46.686638,-123.72477
1878 STATE ROUTE 6,46.556463,-123.61059
29307 O STREET,46.514366,-124.04967
2311 HARVARD STREET,46.675568,-123.70691
2615 357TH LANE,46.560802,-124.0357
3720 RICHARDSON STREET,46.6756,-123.68848
307 MILL CREEK ROAD,46.647335,-123.64217
231 14TH STREET,46.685326,-123.72082
1909 196TH ST,46.44373,-124.04857
1133 BALLENTINE STREET,46.67188,-123.74071
23819 HOPE PLACE,46.47454,-124.03081
402 28TH STREET NW,46.37423,-124.05817
17511 MILL LN,46.42848,-124.027176
425 ELLIS ST,46.687847,-123.73155
16710 PACIFIC WAY,46.36676,-124.05374
34801 J PLACE,46.55471,-124.054054
3710 OLDANI ROAD,46.66849,-123.68759
1275 UDELL-HANSEN ROAD,46.764965,-124.07343
1144 HOWARD STREET,46.69405,-123.747246
2003 CRANBERRRY ROAD,46.39523,-124.04656
1135 WATER STREET,46.69412,-123.73826
317 OXBOW ROAD,46.585255,-123.62645
214 FIR STREET,46.683147,-123.74844
556 MILL CREEK ROAD,46.629566,-123.59635
1089 STATE RT 4,46.363392,-123.767499
612 CHERRY ST,46.6783,-123.721016
1805 PARK AVENUE,46.693737,-123.7405
28533 W LN,46.50883,-124.041435
1911 OCEAN BEACH BLVD S,46.339518,-124.056801
31 WILSON LANE,46.637173,-123.92368
1304 145TH PL,46.407345,-124.053215
631 STATE ROUTE 6,46.650143,-123.67285
27895 Y PLACE,46.503487,-124.039375
7 MONOHON LANDING ROAD,46.693913,-123.73476
1220 LARCH ST,46.694958,-123.73948
1172 STATE ROUTE 4,46.356705,-123.75897
24608 SANDRIDGE RD,46.479683,-124.03238
3808 BURKHALTER ROAD EXT.,46.67203,-123.68561
501 ELK PRAIRIE ROAD,46.538044,-123.478075
126 NEMAH VALLEY ROAD,46.515114,-123.84776
4301 158TH LN,46.416214,-124.02254
300 PARPALA ROAD,46.381123,-123.84121
21204 J PL,46.5198711,-124.0541844
1501 186TH LANE,46.436928,-124.05199
754 WILLAPA SECOND ST,46.677036,-123.66738
505 11TH STREET,46.688,-123.72404
508 OSTMAN ROAD,46.66867,-123.73932
16 HUNGRY HARBOR LANE,46.263153,-123.84551
862 SMITH CREEK RD,46.751449,-123.650451
56 NYBERG ROAD,46.346962,-123.810425
2610 248TH PLACE,46.482002,-124.03868
3818 199TH COURT,46.445213,-124.02776
2615 357TH LANE,46.560802,-124.0357
28114 Q STREET,46.506115,-124.04808
6407 V PLACE,46.34852,-124.044945
15813 BIRCH STREET,46.417065,-124.038895
4 MARTIN LANE,46.61594,-123.64437
14214 BIRCH STREET,46.404957,-124.039024
4404 SANDRIDGE RD,46.3350587,-124.0435644
1030 STATE ROUTE 4,46.36558,-123.77512
2209 SID SNYDER DRIVE,46.3458146,-124.0452055
620 LINCOLN AVE,46.67858,-123.74113
1108 303RD PLACE,46.521534,-124.052666
2205 231ST LANE,46.46951,-124.04413
2133 BUSH AVENUE,46.695114,-123.736046
1013 DURYEA STREET,46.686638,-123.72477
2304 300TH PL,46.51954,-124.04132
1788 NELSON ROAD,46.665054,-123.69505
31508 J PLACE,46.53034,-124.05394
4340 WILLAPA ROAD,46.670128,-123.680504
17820 PACIFIC WAY,46.366787,-124.05374
1703 222ND PL,46.463097,-124.050224
2827 231ST LANE,46.46892,-124.03748
29715 K STREET,46.518757,-124.05408
3812 SANDRIDGE ROAD,46.330207,-124.043309
1200 302ND ST,46.520676,-124.05228
2601 250TH ST,46.482944,-124.039856
20524 CRANE PLACE,46.45045,-124.037735
123 TRAP CREEK LANE,46.547203,-123.61614
1107 SALMON CREEK ROAD,46.407071,-123.677273
101 ELKHORN RD,46.778465,-123.72841
109 23RD STREET NE,46.3689,-124.05327
1801 201ST ST,46.447575,-124.048325
24401 ELM PLACE,46.479195,-124.03358
32202 DOUGLAS DR,46.535915,-124.033066
20619 BIRCH PLACE,46.451237,-124.03911
1504 268TH PL,46.496544,-124.04945
6933 US HIGHWAY 101,46.620434,-123.91888
1212 BELMONT ROAD,46.672073,-123.691444
226 ASH ST,46.68363,-123.74934
2000 224TH PLACE,46.464447,-124.04589
306 11TH STREET,46.6858,-123.72402
1030 WILLAPA RD,46.673615,-123.66936
488 STATE ROUTE 6,46.657143,-123.68519
1310 216TH LANE,46.458454,-124.05499
5501 SANDRIDGE ROAD,46.34239,-124.0419
1192 STATE ROUTE 4,46.354911,-123.759188
27012 N PLACE,46.4984853,-124.0505495
303 8TH STREET,46.685722,-123.727356
1301 120TH PLACE,46.38893,-124.05511
585 STATE RT 401,46.270796,-123.819205
210 18TH STREET NE,46.3654439,-124.051588
2005 WILLIAMS ST,46.67695,-123.71063
23716 J PL,46.47486,-124.05519
2000 201ST STREET,46.447678,-124.045425
32811 J PLACE,46.54009,-124.05426
432 RUE CREEK RD,46.615329,-123.675137
1036 BARNHART ST,46.67324,-123.742004
1212 266TH PL,46.495148,-124.05249
2304 265TH PL,46.49421,-124.041664
955 MILL CREEK RD,46.629765,-123.550896
202 8TH STREET,46.684753,-123.72737
15407 SANDRIDGE ROAD,46.413326,-124.02221
1483 BLOOMHARDT ROAD,46.667942,-123.71938
31205 I ST,46.528294,-124.05496
521 BALLENTINE ST,46.679756,-123.740814
60 BURKE RD,46.77969,-123.4832
4119 142ND LN,46.40493,-124.02632
33701 J PL,46.545605,-124.05418
942 BALLENTINE STREET,46.673936,-123.741116
852 FIR STREET,46.68182,-123.74839
1235 FOWLER ROAD,46.66956,-123.739395
29411 T LANE,46.51489,-124.04472
29514 K PL,46.51604,-124.05354
1904 320TH PLACE,46.534058,-124.04522
340 PARPALA ROAD,46.386234,-123.84281
1013 DURYEA STREET,46.686638,-123.72477
34206 J PLACE,46.55024,-124.05436
29018 H STREET,46.512905,-124.0567
14405 BIRCH STREET,46.406006,-124.03904
514 MC KINLEY STREET,46.672287,-123.73936
1018 DURYEA STREET,46.686626,-123.724724
71 ELK PRAIRIE ROAD,46.540077,-123.52239
1029 WILLAPA ROAD,46.67355,-123.669334
3720 RICHARDSON STREET,46.6756,-123.68848
843 MUELLER ST,46.67594,-123.70732
1304 TOWER AVENUE,46.687504,-123.722176
281 NORTH VALLEY ROAD,46.373547,-123.75692
39 RUE CREEK RD,46.621709,-123.650591
20813 CRANE PLACE,46.45187,-124.03773
3302 ROMANE RD,46.669193,-123.69435
2417 275TH PLACE,46.501236,-124.041565
29715 K STREET,46.518757,-124.05408
1319 LACKIE ROAD,46.668972,-123.68802
3818 199TH COURT,46.445213,-124.02776
697 MILL CREEK ROAD,46.622574,-123.58827
28409 U STREET,46.507904,-124.043785
33410 G STREET,46.544064,-124.05838
217 ASH STREET,46.682842,-123.74969
1608 WASHINGTON AVENUE SOUTH,46.341553,-124.053535
24506 P STREET,46.47972,-124.049965
27707 Q LANE,46.502182,-124.04838
5 NYBERG ROAD,46.346878,-123.81273
4 VIKING WAY,46.624496,-123.65088
1470 ARMSTRONG ST,46.669647,-123.67981
5375 ROOSEVELT ST,46.674973,-123.665924
3687 WILLOW LANE,46.741653,-124.08273
2000 201ST STREET,46.447678,-124.045425
13220 SANDRIDGE ROAD,46.4004,-124.02356
545 BALLENTINE,46.679436,-123.74081
27702 O PLACE,46.503384,-124.05001
61 FRANCIS ROAD,46.54301,-123.51811
619 BARNHART STREET,46.678288,-123.74205
23 BALE ROAD,46.683746,-123.778206
1708 266TH,46.49507,-124.04812
38 HYLAND STRINGER RD,46.5888,-123.63211
1089 STATE RT 4,46.363392,-123.767499
2323 HECKARD ROAD,46.658745,-123.681
31205 I ST,46.528294,-124.05496
237 14TH STREET,46.68535,-123.72082
669 WARD CREEK RD,46.726234,-123.642
936 VIRGINIA ST,46.67245,-123.78097
142 SOUTH FORK ROAD,46.633033,-123.673104
6811 ORTELIUS DR,46.31872,-124.00787
140 KNAPPTON ROAD,46.350296,-123.81292
102 LEBAM ROAD,46.562958,-123.56392
1211 PARK AVENUE,46.693413,-123.74769
31109 G STREET,46.527714,-124.057526
1904 222ND PLACE,46.463013,-124.0462
22617 PACIFIC WAY,46.466053,-124.05255
1607 HARVARD,46.67537,-123.71679
1217 GODFREY ST,46.694824,-123.74425
35708 G STREET,46.5606,-124.05918
24401 ELM PLACE,46.479195,-124.03358
702 FOWLER STREET,46.6772,-123.73953
3267 SMITH ANDERSON ROAD,46.75506,-124.066635
791 DEARBORN ST,46.676956,-123.76154
635 BRADFORD ST,46.678555,-123.745804
3800 102ND ST,46.375416,-124.028946
10200 SANDRIDGE ROAD,46.376053,-124.0268
1000 COLE AVENUE,46.674603,-123.68637
28602 X LANE,46.510147,-124.040306
15410 SANDRIDGE RD,46.413067,-124.022224
568 FOWLER ST,46.67907,-123.73955
20217 P PL,46.448177,-124.05002
29001 H STREET,46.5132,-124.056725
818 WYOMING STREET,46.670475,-123.78458
75 HYLAND STRINGER RD,46.58877,-123.63631
321 12TH STREET,46.685932,-123.722946
1119 GODFREY ST,46.69393,-123.74424
1481 PACIFIC AVENUE,46.677727,-123.71841
26612 RIDGE AVENUE,46.495224,-124.04884
1368 STATE ROUTE 401,46.319424,-123.80056
3310 281ST STREET,46.50529,-124.03167
1108 303RD PLACE,46.521534,-124.052666
9 RUE CREEK ROAD,46.621619,-123.648428
612 CHERRY ST,46.6783,-123.721016
4 VIKING WAY,46.624496,-123.65088
1089 STATE RT 4,46.363392,-123.767499
1155 PAULDING STREET,46.672886,-123.682915
1005 WASHINGTON AVENUE,46.3458956,-124.0534733
2 MOSHER LN,46.3709,-123.76153
2604 SEACREST AVENUE NORTH,46.37128,-124.05444
88 ALEXANDER ROAD,46.658417,-123.66153
20601 BIRCH PL,46.45111,-124.039085
1710 S 7TH ST,46.347388,-124.050235
907 CRESCENT ST,46.691734,-123.74536
374 WEAVER AVENUE,46.66992,-123.73745
33007 I STREET,46.540977,-124.05554
2605 NORTH RIVER RD,46.77565,-123.51925
429 3RD ST,46.68699,-123.733345
1420 PORTOLA AVENUE,46.697334,-123.74239
2725 234TH LANE,46.471,-124.037895
1172 STATE RT 4,46.35672,-123.760261
1700 194TH ST,46.44245,-124.04982
15410 SANDRIDGE RD,46.413067,-124.022224
31 HURT ROAD,46.56291,-123.62168
1915 195TH ST,46.44326,-124.04734
2280 STATE RT 6,46.67612,-123.70615
2468 STATE ROUTE 105,46.785076,-124.084236
10612 US HIGHWAY 101,46.783863,-123.74095
921 BIRD AVENUE,46.67446,-123.71565
621 OSTMAN RD,46.6687,-123.741455
20601 BIRCH PL,46.45111,-124.039085
1011 POPLAR LANE,46.67337,-123.74894
1600 222ND PLACE,46.463093,-124.05067
1500 300TH PLACE,46.51999,-124.050064
1212 FOWLER STREET,46.67068,-123.739174
1428 232ND LN,46.47041,-124.053314
32203 I STREET,46.5354,-124.055435
2204 SID SNYDER DRIVE,46.345202,-124.045777
3721 TAMERACK ST,46.73979,-124.0809
3302 ROMANE RD,46.669193,-123.69435
1230 FOWLER STREET,46.670612,-123.739204
32203 I STREET,46.5354,-124.055435
1010 WILLAPA ROAD,46.673813,-123.66936
945 CLAY STREET,46.674606,-123.7181
15603 SANDRIDGE ROAD,46.41406,-124.02213
2743 EMERSON AVE,46.54256,-123.5046
261 CAMP ONE ROAD,46.65848,-123.66875
105 DIXON ROAD,46.74969,-123.76045
30500 J PLACE,46.523285,-124.05435
1717 KRAUSE ROAD,46.666283,-123.69033
2404 HUNT ST,46.67358,-123.702995
33410 G STREET,46.544064,-124.05838
556 MILL CREEK ROAD,46.629566,-123.59635
169 N VALLEY ROAD,46.37373,-123.76675
1043 HOWARD STREET,46.693512,-123.74662
2720 212TH PLACE,46.4547,-124.03871
161 LILLY WHEATON ROAD,46.624584,-123.63259
6819 ORETELIUS DRIVE,46.318817,-124.00776
1102 SUMMIT AVENUE,46.6832,-123.74756
261 CAMP ONE ROAD,46.65848,-123.66875
13406 N PLACE,46.3994667,-124.0530492
621 OSTMAN RD,46.6687,-123.741455
1608 OREGON AVE N,46.3629,-124.052666
4103 180TH PLACE,46.43246,-124.02486
1029 WILLAPA ROAD,46.67355,-123.669334
202 8TH STREET,46.684753,-123.72737
2625 OLDANI RD,46.66844,-123.69793
1801 201ST ST,46.447575,-124.048325
803 FOWLER ROAD,46.675972,-123.7395
43 MILL RANCH RD,46.434242,-123.89438
1314 164TH PL,46.420746,-124.05385
2003 CRANBERRRY ROAD,46.39523,-124.04656
3508 102ND STREET,46.375427,-124.03216
13220 SANDRIDGE ROAD,46.4004,-124.02356
659 SMITH CREEK RD,46.753334,-123.681595
31204 M STREET,46.527996,-124.05165
26109 Z STREET,46.49059,-124.03906
2721 STATE ROUTE 6,46.54297,-123.50962
1361 ANDREW STREET,46.671448,-123.69278
912 OCEAN AVENUE,46.682293,-123.74492
1481 PACIFIC AVENUE,46.677727,-123.71841
32 SWARTZ LANE,46.663948,-123.76996
12 BREEN ROAD,46.539368,-123.47114
790 STATE ROUTE 4,46.376186,-123.79993
805 OYSTERVILLE ROAD,46.54797,-124.05644
1205 201ST LANE,46.447803,-124.053215
2700 235TH LANE,46.47167,-124.03822
24207 BIRCH PL,46.477486,-124.03691
225 N VALLEY ROAD,46.37389,-123.760956
17 NORTH VALLEY ROAD,46.371838,-123.78247
30205 M PLACE,46.520767,-124.051735
93 ALEXANDER ROAD,46.658295,-123.66131
820 CALIFORNIA STREET,46.665894,-123.78462
225 N VALLEY ROAD,46.37389,-123.760956
703 BRADFORD ST,46.677105,-123.74581
15410 SANDRIDGE RD,46.413067,-124.022224
1410 275TH PL,46.50175,-124.0516
2205 231ST LANE,46.46951,-124.04413
2404 HUNT ST,46.67358,-123.702995
10006 SANDRIDGE ROAD,46.373966,-124.02704
2005 WILLIAMS ST,46.67695,-123.71063
10515 PACIFIC WAY,46.379265,-124.053055
10 SPRUCE LANE,46.646225,-123.924553
2811 219TH STREET,46.460453,-124.03713
24908 PARK AVENUE,46.48301,-124.05136
5501 SANDRIDGE ROAD,46.34239,-124.0419
15311 BIRCH STREET,46.412704,-124.03906
2 NASELLE ROAD,46.371677,-123.8052
32101 G STREET,46.534687,-124.05788
3807 102ND ST,46.3754,-124.02842
300 PARPALA ROAD,46.381123,-123.84121
1708 266TH,46.49507,-124.04812
1054 POPLAR LN,46.673138,-123.74893
9 RHODESIA BEACH,46.613161,-123.9545
501 SHOREVIEW DRIVE S #402,46.34808,-124.05819
2705 233RD LANE,46.470352,-124.038376
23829 ISLE PLACE,46.474632,-124.029884
302 BAY CENTER ROAD,46.608074,-123.953606
1305 145TH PL,46.40738,-124.05429
202 EIGHTH STREET,46.684753,-123.72737
2311 HARVARD STREET,46.675568,-123.70691
30510 SANDRIDGE RD,46.522846,-124.03073
28909 V LN,46.51149,-124.042465
1092 STATE ROUTE 4,46.3625471,-123.7678862
7 MONOHON LANDING ROAD,46.693913,-123.73476
15407 SANDRIDGE ROAD,46.413326,-124.02221
1124 HARRISON AVE,46.6735,-123.74703
201 NE 23RD ST,46.368877,-124.052216
289 KNAPPTON ROAD,46.36294,-123.81182
2005 WILLIAMS ST,46.67695,-123.71063
722 DURYEA STREET,46.6866,-123.72824
32 SWARTZ LANE,46.663948,-123.76996
10904 SANDRIDGE RD,46.38045,-124.02631
35708 G STREET,46.5606,-124.05918
168 STAUFFER ROAD,46.586906,-123.62136
5 TORPPA ROAD,46.37403,-123.80231
27011 VERNON AVENUE,46.498074,-124.04979
240 STRINGTOWN ROAD,46.319412,-124.00893
2601 250TH ST,46.482944,-124.039856
32 ELLIOTT ROAD,46.6645,-123.77365
30205 M PLACE,46.520767,-124.051735
2107 208TH PLACE,46.452747,-124.04508
727 MC KINLEY AVENUE,46.672264,-123.74237
820 CALIFORNIA STREET,46.665894,-123.78462
309 9TH STREET SE,46.3465583,-124.0526346
2280 STATE RT 6,46.560072,-123.562256
2404 HUNT ST,46.67358,-123.702995
5706 SCHOOL STREET,46.676384,-123.66409
4204 SANDRIDGE RD,46.333378,-124.04402
508 OSTMAN ROAD,46.66867,-123.73932
13402 T LN,46.3990108,-124.0476654
2880 OLDANI ROAD,46.668434,-123.69668
1435 LARCH ST,46.697796,-123.739494
19409 K PLACE,46.443046,-124.056003
706 BRADFORD STREET,46.677063,-123.74582
1140 DEAL STREET,46.673103,-123.68416
811 352ND PLACE,46.556965,-124.05872
3616 102ND PLACE,46.37542,-124.03049
2104 HENKLE STREET,46.678347,-123.709158
4300 TRESIZE ROAD,46.679344,-123.682625
2133 BUSH AVENUE,46.695114,-123.736046
17 GOLDAU ROAD,46.587757,-123.62177
2812 NORTH RIVER ROAD,46.775005,-123.48059
27701 O ST,46.50337,-124.050026
7484 US HIGHWAY 101,46.666622,-123.91886
488 STATE ROUTE 6,46.657143,-123.68519
1140 DEAL STREET,46.673103,-123.68416
920 CRESCENT STREET,46.691822,-123.74538
955 STATE ROUTE 4,46.369886,-123.78125
20807 CRANE PL,46.451862,-124.03773
29012 S LANE,46.512383,-124.04584
2280 STATE RT 6,46.67612,-123.70615
590 RUE CREEK ROAD,46.624084,-123.68416
907 CRESCENT ST,46.691734,-123.74536
697 MILL CREEK ROAD,46.622574,-123.58827
482 RUE CREEK RD,46.618997,-123.680962
1404 FOWLER ROAD,46.668606,-123.73869
1803 194TH ST,46.44246,-124.048035
1504 323RD AVENUE,46.536297,-124.04977
1400 138TH STREET,46.4021859,-124.0540616
23716 J PL,46.47486,-124.05519
7484 US HIGHWAY 101,46.666622,-123.91886
105 NORTH VALLEY ROAD,46.371998,-123.77158
31107 L ST,46.527664,-124.05284
13220 SANDRIDGE ROAD,46.4004,-124.02356
20703 BIRCH PL,46.451836,-124.03911
20215 P PLACE,46.448166,-124.05002
34810 STACKPOLE ROAD,46.56984,-124.03436
1321 STATE ROUTE 4,46.35475,-123.742424
427 WEAVER AVENUE,46.669926,-123.73817
1104 WILLAPA STREET,46.69384,-123.74185
3310 281ST STREET,46.50529,-124.03167
2100 285TH LANE,46.508507,-124.043724
654 MILL CREEK ROAD,46.62527,-123.59634
1105 195TH ST,46.44356,-124.055511
1122 DURYEA ST,46.68664,-123.723755
840 WILLAPA FIRST ST,46.675808,-123.6684
1217 GODFREY ST,46.694824,-123.74425
341 JOE ROCKY ROAD,46.662804,-123.73284
3739 STATE RT 105,46.7398473,-124.0775671
1107 LAKE STREET,46.6727,-123.71686
38 HYLAND STRINGER RD,46.5888,-123.63211
1601 WASHINGTON AVENUE N,46.362816,-124.051186
1611 208TH PLACE,46.452812,-124.05055
471 SOUTH FORK ROAD,46.656696,-123.7239
120 STRINGTOWN ROAD,46.30912,-123.983955
24108 GILE PLACE,46.47712,-124.03112
556 MILL CREEK ROAD,46.629566,-123.59635
2827 231ST LANE,46.46892,-124.03748
45 BALE ROAD,46.684162,-123.778206
32400 DOUGLAS DR,46.537186,-124.032906
11313 PACIFIC HIGHWAY,46.3496271,-124.054848
618 BRADFORD STREET,46.67854,-123.746826
4208 SANDRIDGE RD,46.333397,-124.044014
1112 STATE ROUTE 4,46.360534,-123.767122
102 LEBAM ROAD,46.562958,-123.56392
1102 DIVISION AVE,46.671764,-123.71431
1200 302ND ST,46.520676,-124.05228
32203 DOUGLAS DRIVE,46.53593,-124.033066
828 MAY STREET,46.67553,-123.73828
49 OXBOW RD,46.58023,-123.63763
32307 I ST,46.536224,-124.05546
1102 SUMMIT AVENUE,46.6832,-123.74756
2825 234TH LN,46.470978,-124.0368
727 WILLAPA SECOND STREET,46.676964,-123.66528
31 HURT ROAD,46.56291,-123.62168
790 STATE ROUTE 4,46.376186,-123.79993
1108 303RD PLACE,46.521534,-124.052666
1483 BLOOMHARDT ROAD,46.667942,-123.71938
4220 OLDANI ROAD,46.6697706,-123.6824579
23412 BIRCH PL,46.470448,-124.03757
20807 CRANE PL,46.451862,-124.03773
15813 BIRCH STREET,46.417065,-124.038895
2144 BUSH AVE,46.695103,-123.73562
30108 J PLACE,46.52048,-124.05436
719 MAIN STREET,46.674835,-123.7817999
556 MILL CREEK ROAD,46.629566,-123.59635
912 OCEAN AVENUE,46.682293,-123.74492
3035 OLDANI ROAD,46.668446,-123.69634
305 14TH STREET,46.685623,-123.72083
3003 WILLAPA RD,46.672874,-123.69825
30504 L PL,46.523727,-124.05236
2562 EVERGREEN PARK ROAD,46.780666,-124.078964
3208 113TH LANE,46.383904,-124.03419
904 WILLAPA RD,46.674908,-123.66942
1018 DURYEA STREET,46.686626,-123.724724
1601 WASHINGTON AVENUE N,46.362816,-124.051186
102 RAFF ROAD,46.38315,-123.73018
30700 M PL,46.52428,-124.051254
24908 PARK AVENUE,46.48301,-124.05136
5 NYBERG ROAD,46.346878,-123.81273
223 KNAPPTON ROAD,46.357197,-123.81232
1357 GRUHN ROAD,46.669674,-123.694496
10515 PACIFIC WAY,46.379265,-124.053055
15410 SANDRIDGE RD,46.413067,-124.022224
28440 Z LANE,46.508266,-124.03865
1420 48TH PLACE UNIT #B-4,46.336424,-124.05167
1122 DURYEA ST,46.68664,-123.723755
24409 ELM PLACE,46.479504,-124.033676
2740 HEATHER RD,46.77491,-124.07765
7500 US HWY 101,46.667282,-123.91885
2375 COLORADO AVENUE,46.6746919,-123.7651099
142 SOUTH FORK ROAD,46.633033,-123.673104
2 MOSHER LN,46.3709,-123.76153
85 ALEXANDER ROAD,46.65854,-123.66176
1608 OREGON AVE N,46.3629,-124.052666
31304 O PLACE,46.528786,-124.049324
205 14TH STREET,46.685223,-123.72081
1801 201ST ST,46.447575,-124.048325
37 BALE ROAD,46.684013,-123.778206
525 JACKSON STREET,46.67607,-123.74021
1105 WILLAPA STREET,46.69384,-123.74184
29920 W PL,46.519108,-124.041565
1209 201ST LN,46.447803,-124.053185
1200 302ND ST,46.520676,-124.05228
7500 US HWY 101,46.667282,-123.91885
1112 STATE ROUTE 4,46.36112,-123.76572
19409 K PLACE,46.443046,-124.056003
1010 WILLAPA FIRST,46.673839,-123.668618
23807 K PLACE,46.47508,-124.05555
1119 GODFREY ST,46.69393,-123.74424
1808 OCEAN BCH BLVD S,46.3400308,-124.0563921
527 MCKINLEY AVE,46.672287,-123.74017
21403 PACIFIC WAY,46.457077,-124.05296
1230 FOWLER STREET,46.670612,-123.739204
443 MONOHON LANDING ROAD,46.69128,-123.68773
791 DEARBORN ST,46.676956,-123.76154
10200 SANDRIDGE ROAD,46.376053,-124.0268
30700 M PL,46.52428,-124.051254
2205 231ST LANE,46.46951,-124.04413
112 28TH ST NW,46.373558,-124.05394
401 OCEAN BEACH BLVD N,46.35334,-124.055176
964 STATE ROUTE 4,46.675518,-123.76342
1172 STATE ROUTE 4,46.35672,-123.760261
1510 208TH PLACE,46.452824,-124.051544
831 SEELEY STREET,46.675865,-123.74328
14918 SANDRIDGE RD,46.409595,-124.02256
28909 V LN,46.51149,-124.042465
2714 217TH STREET,46.45884,-124.037895
1119 GODFREY ST,46.69393,-123.74424
229 8TH STREET,46.68497,-123.727356
1717 195TH ST,46.443275,-124.0496
2880 OLDANI ROAD,46.668434,-123.69668
2708 SEA CREST AVENUE,46.372843,-124.054118
991 LUDINGTON AVE,46.6749321,-123.6889416
806 WASHINGTON AVE S,46.34652,-124.052704
15410 SANDRIDGE RD,46.413067,-124.022224
3002 202ND PLACE,46.447865,-124.03626
1125 SHERMAN AVENUE,46.684002,-123.74841
57 ELK PRAIRIE ROAD,46.540417,-123.52241
24108 GILE PLACE,46.47712,-124.03112
3636 OLDANI ROAD,46.66848,-123.68838
31007 SANDRIDGE RD,46.526478,-124.03074
432 RUE CREEK RD,46.615329,-123.675137
30108 J PLACE,46.52048,-124.05436
311 11TH STREET,46.685833,-123.72401
30709 H ST,46.52506,-124.05659
2104 HENKLE STREET,46.678347,-123.709158
1105 195TH ST,46.44356,-124.055511
1600 222ND PLACE,46.463093,-124.05067
439 MONOHON LANDING ROAD,46.691242,-123.68819
3585 LIGNOSKI ROAD,46.65563,-123.68597
22607 SOUTH PLACE,46.4658964,-124.0466507
33712 DOUGLAS DRIVE,46.544296,-124.03277
1703 222ND PL,46.463097,-124.050224
3508 102ND STREET,46.375427,-124.03216
555 MUELLER STREET,46.677654,-123.707375
31102 O PLACE,46.52764,-124.049355
26915 PARK AVENUE,46.497444,-124.05268
10 KOVEN ROAD,46.367306,-123.81674
501 SHOREVIEW DR S #403,46.34808,-124.05819
697 WARD CREEK ROAD,46.72783,-123.641975
3807 102ND ST,46.3754,-124.02842
1143 CEDAR STREET,46.694168,-123.74062
88 HYLAND STRINGER ROAD,46.58686,-123.64281
2115 282ND LN,46.50669,-124.04356
25005 Z PL,46.48375,-124.03875
33609 I STREET,46.54553,-124.055435
720 WASHINGTON AVENUE,46.67731,-123.742355
31304 O PLACE,46.528786,-124.049324
4550 WILLAPA RD,46.670082,-123.67691
1211 LARCH ST,46.694874,-123.73946
620 LINCOLN AVE,46.67858,-123.74113
30108 J PLACE,46.52048,-124.05436
800 TAFT AVENUE,46.671043,-123.74198
1701 195TH ST,46.443275,-124.04975
22306 BIRCH PLACE,46.463913,-124.037224
1111 DURYEA STREET,46.68665,-123.72387
17 MAPLE LEAF STREET,46.62633,-123.652054
1317 PAULDING STREET,46.67115,-123.68271
720 WASHINGTON AVENUE,46.67731,-123.742355
4119 142ND LN,46.40493,-124.02632
521 BALLENTINE ST,46.679756,-123.740814
24108 GILE PLACE,46.47712,-124.03112
1144 HOWARD STREET,46.69405,-123.747246
3204 113TH LN,46.383907,-124.03442
1500 300TH PLACE,46.51999,-124.050064
1409 295TH STREET,46.515846,-124.050514
46 FAIRLEY STREET,46.56416,-123.554306
13008 BIRCH ST,46.39663,-124.039246
852 FIR STREET,46.68182,-123.74839
33304 J PL,46.543076,-124.05421
7 HOLM LANE,46.396847,-123.83624
720 WASHINGTON AVENUE,46.67731,-123.742355
842 BARNHART,46.675323,-123.74204
335 MILL CREEK RD,46.647327,-123.64216
2405 BAY AVENUE,46.49156,-124.041016
266 JOE ROCKEY ROAD,46.662834,-123.731834
1220 TOWER AVENUE,46.687492,-123.72272
24718 P STREET,46.481445,-124.0499
30709 H ST,46.52506,-124.05659
294 STATE ROUTE 105,46.681582,-123.76508
2209 266TH PLACE,46.494843,-124.04276
50 BALE ROAD,46.684258,-123.77819
1104 WILLAPA STREET,46.69384,-123.74185
17708 SANDRIDGE RD,46.431534,-124.02214
23807 K PLACE,46.47508,-124.05555
24401 ELM PLACE,46.479195,-124.03358
958 FOWLER ST,46.673985,-123.73951
2802 225TH PLACE,46.46537,-124.03729
18409 SANDRIDGE ROAD,46.43531,-124.023026
699 STATE ROUTE 4,46.37886,-123.81048
1788 NELSON ROAD,46.665054,-123.69505
267 OXBOW ROAD,46.5852,-123.63424
6810 V PL,46.351997,-124.044395
6885 US HWY 101,46.61744,-123.91548
2825 234TH LN,46.470978,-124.0368
5240 SCHOOL ST,46.676407,-123.66797
7004 ORTELIUS DR,46.318947,-124.004326
1200 302ND ST,46.520676,-124.05228
22617 PACIFIC WAY,46.466053,-124.05255
619 BARNHART STREET,46.678288,-123.74205
471 SOUTH FORK RD,46.656696,-123.7239
223 KNAPPTON ROAD,46.357197,-123.81232
3811 CRANBERRY RD,46.395924,-124.02847
30108 J PLACE,46.52048,-124.05436
1409 295TH STREET,46.515846,-124.050514
50 HINES VALLEY ROAD,46.686554,-123.780754
1200 302ND ST,46.520676,-124.05228
1317 PAULDING STREET,46.67115,-123.68271
1211 LARCH ST,46.694874,-123.73946
2868 STATE ROUTE 6,46.540955,-123.49464
31304 O PLACE,46.528786,-124.049324
9 KOVEN ROAD,46.367306,-123.81676
2905 212TH LN,46.455585,-124.03728
6811 ORTELIUS DR,46.31872,-124.00787
24004 GILE LANE,46.47654,-124.030655
940 COLE AVENUE,46.675117,-123.687843
97 HYLAND STRINGER RD,46.586918,-123.64256
828 JACKSON AVE,46.675827,-123.744084
3311 ROMANE RD,46.669224,-123.69421
2300 285TH LANE,46.508472,-124.04033
26812 K LANE,46.49937,-124.05371
97 HYLAND STRINGER RD,46.586918,-123.64256
888 STATE RT 4,46.37357,-123.788052
2906 219TH STREET,46.460438,-124.03686
829 BALLENTINE ST,46.675655,-123.74077
654 MILL CREEK ROAD,46.62527,-123.59634
2204 SID SNYDER DRIVE,46.345202,-124.045777
240 STRINGTOWN ROAD,46.319412,-124.00893
2720 212TH PLACE,46.4547,-124.03871
9801 ELM LN,46.37291,-124.03694
1670 STATE ROUTE 6,46.677498,-123.716774
7004 ORTELIUS DR,46.318947,-124.004326
55 GILES LN,46.693638,-123.85282
1105 195TH ST,46.44356,-124.055511
1811 226TH PLACE,46.46587,-124.047134
29519 G STREET,46.51629,-124.05706
2805 228TH PLACE,46.467033,-124.03771
27812 M PLACE,46.50389,-124.051735
10904 SANDRIDGE RD,46.38045,-124.02631
13402 T LN,46.3990108,-124.0476654
24 MOORE ROAD,46.623695,-123.950615
205 14TH STREET,46.685223,-123.72081
20601 BIRCH PL,46.45111,-124.039085
1603 WASHINGTON AVENUE N,46.362835,-124.051186
2902 REDDING RD,46.7681,-124.0729
30110 W ST,46.52063,-124.04163
33406 G STREET,46.544033,-124.05837
1018 DURYEA STREET,46.686626,-123.724724
1026 BALLENTINE STREET,46.67325,-123.74075
29716 H STREET,46.5182,-124.056177
842 BARNHART,46.675323,-123.74204
1401 120TH PLACE,46.388935,-124.05446
697 WARD CREEK ROAD,46.72783,-123.641975
297 SMITH CREEK ROAD,46.74568,-123.71171
20801 CRANE PLACE,46.45185,-124.037735
3003 WILLAPA RD,46.672874,-123.69825
6299 WILSON CREEK ROAD,46.679996,-123.648384
1368 STATE ROUTE 401,46.319424,-123.80056
33007 I STREET,46.540977,-124.05554
15301 PACIFIC WAY,46.404415,-124.05244
1400 138TH STREET,46.4021859,-124.0540616
2307 SID SNYDER DRIVE,46.346304,-124.043856
15 BEZEMER ROAD,46.691383,-123.68608
3900 199TH CT,46.44437,-124.02793
297 SMITH CREEK ROAD,46.74568,-123.71171
11313 PACIFIC HIGHWAY,46.3496271,-124.054848
24 MOORE ROAD,46.623695,-123.950615
10157 US HWY 101,46.747894,-123.74946
327 JOE ROCKY ROAD,46.662804,-123.732956
29 RICHTER ROAD,46.62302,-123.65495
2743 EMERSON AVE,46.54256,-123.5046
3710 OLDANI ROAD,46.66849,-123.68759
29014 S LANE,46.512398,-124.04584
201 NE 23RD ST,46.368877,-124.052216
1308 FOWLER,46.669346,-123.739728
44 FAIRLEY ST,46.56408,-123.554306
4304 166TH LN,46.421978,-124.02391
584 ELM STREET,46.678665,-123.747086
31204 M STREET,46.527996,-124.05165
3202 318TH STREET,46.534164,-124.03187
5501 CENTRAL STREET,46.673084,-123.66489
858 FOWLER STREET,46.675358,-123.73952
959 BARNHART STREET,46.67408,-123.742
439 MONOHON LANDING ROAD,46.691242,-123.68819
3119 SANDRIDGE RD,46.325356,-124.04746
912 OCEAN AVENUE,46.682293,-123.74492
274 STATE ROUTE 105,46.68232,-123.762758
236 13TH STREET,46.68508,-123.72189
22409 PACIFIC HIGHWAY,46.464516,-124.05262
29 HOLTZ ROAD,46.611534,-123.906876
564 ELM ST,46.67877,-123.74709
697 WARD CREEK ROAD,46.72783,-123.641975
623 CHERRY STREET,46.678276,-123.721
92 BIGHILL ROAD,46.374496,-123.744446
11313 PACIFIC HIGHWAY,46.3496271,-124.054848
471 SOUTH FORK ROAD,46.656696,-123.7239
521 BALLENTINE ST,46.679756,-123.740814
1111 DURYEA STREET,46.68665,-123.72387
2508 265TH PLACE,46.49437,-124.03929
7 MONOHON LANDING ROAD,46.693913,-123.73476
3007 247TH PLACE,46.481167,-124.03441
315 CAMP ONE ROAD,46.65948,-123.66851
21204 J PL,46.5198711,-124.0541844
2812 NORTH RIVER ROAD,46.775005,-123.48059
1788 NELSON ROAD,46.665054,-123.69505
112 28TH ST NW,46.373558,-124.05394
806 WASHINGTON AVE S,46.34652,-124.052704
1367 STATE ROUTE 4,46.35447,-123.73683
569 BARNHART STREET,46.67915,-123.74205
7500 US HWY 101,46.667282,-123.91885
2405 BAY AVENUE,46.49156,-124.041016
28707 SANDRIDGE ROAD,46.50972,-124.031364
661 COLE AVENUE,46.677937,-123.68534
619 BARNHART STREET,46.678288,-123.74205
20601 BIRCH PL,46.45111,-124.039085
29018 H STREET,46.512905,-124.0567
619 BARNHART STREET,46.678288,-123.74205
2323 HECKARD ROAD,46.658745,-123.681
75 ELK CREEK ROAD,46.70739,-123.7125
17215 MILL LN,46.4259,-124.02699
3302 ROMANE RD,46.669193,-123.69435
1804 200TH LN,46.447006,-124.04744
3715 LIGNOSKI ROAD,46.65563,-123.685875
2604 SEACREST AVENUE NORTH,46.37128,-124.05444
3310 281ST STREET,46.50529,-124.03167
402 28TH STREET NW,46.37423,-124.05817
2709 245TH STREET,46.47928,-124.03792
17 NORTH VALLEY ROAD,46.371838,-123.78247
29524 I ST,46.51627,-124.05513
4209 STRATTON ROAD,46.671513,-123.68152
7302 V PL,46.355263,-124.04409
3553 LOUDERBACK ROAD,46.675312,-123.69001
1540 ARMSTRONG ROAD,46.668655,-123.6784
10515 PACIFIC WAY,46.379265,-124.053055
524 3RD STREET,46.687847,-123.73321
17 NORTH VALLEY ROAD,46.371838,-123.78247
942 FOWLER STREET,46.674156,-123.7395
15301 PACIFIC WAY,46.404415,-124.05244
720 WASHINGTON AVENUE,46.67731,-123.742355
17708 SANDRIDGE RD,46.431534,-124.02214
10 SPRUCE LANE,46.646225,-123.924553
1121 CEDAR ST,46.693977,-123.74062
620 LINCOLN AVE,46.67858,-123.74113
131 HYLAND STRINGER ROAD,46.58434,-123.65031
619 BARNHART STREET,46.678288,-123.74205
10904 SANDRIDGE RD,46.38045,-124.02631
7 MONOHON LANDING ROAD,46.693913,-123.73476
23804 K PL,46.47508,-124.055534
6407 V PLACE,46.34852,-124.044945
10 WASHINGTON CEMETERY RD,46.69611,-123.72903
205 14TH STREET,46.685223,-123.72081
2709 SEA CREST AVE,46.373033,-124.054645
24703 DELL PLACE,46.481174,-124.034966
109 23RD STREET NE,46.3689,-124.05327
1204 311TH STREET,46.527466,-124.052734
15603 SANDRIDGE ROAD,46.41406,-124.02213
1109 196TH PLACE,46.4441315,-124.0529113
16 HUNGRY HARBOR LANE,46.263153,-123.84551
27846 Y PL,46.50383,-124.039345
114 AIRPORT ROAD,46.686226,-123.78814
1200 302ND ST,46.520676,-124.05228
333 JOE ROCKEY RD,46.662804,-123.7329
33505 H PLACE,46.542355,-124.05602
8005 SANDRIDGE RD,46.360344,-124.02886
20 SPRUCE LANE,46.6642828,-123.8065857
12 BREEN ROAD,46.539368,-123.47114
24727 P STREET,46.48208,-124.04992
812 FOWLER STREET,46.67586,-123.73952
697 WARD CREEK ROAD,46.72783,-123.641975
112 28TH ST NW,46.373558,-124.05394
1414 194TH PL,46.4430635,-124.0520469
1804 200TH LN,46.447006,-124.04744
416 EIGHTH STREET,46.687035,-123.7274
10157 US HWY 101,46.747894,-123.74946
20101 U LN,46.447716,-124.0452
3304 238TH PLACE,46.47436,-124.030685
2185 RAYMOND SOUTH BEND RD,46.669896,-123.760979
23904 L LANE,46.47591,-124.054054
1221 WILLAPA FIRST ST,46.671826,-123.667309
3607 HUNT CLUBB ROAD,46.64472,-123.6762
945 CLAY STREET,46.674606,-123.7181
1143 CEDAR STREET,46.694168,-123.74062
1051 SUMMIT AVENUE,46.672054,-123.784
2702 SEA CREST AVENUE,46.3723079,-124.054142
842 BARNHART,46.675323,-123.74204
2104 KLAHANEE DRIVE SW,46.305077,-124.051315
56 NYBERG ROAD,46.346962,-123.810425
29716 H STREET,46.5182,-124.056177
1120 GODFREY ST,46.693947,-123.744255
18409 SANDRIDGE ROAD,46.43531,-124.023026
2810 219TH ST,46.46044,-124.03713
10181 US HWY 101,46.742676,-123.746124
10584 US HWY 101,46.7762,-123.74213
430 FIRST ST #209,46.687046,-123.73573
27813 L PLACE,46.50372,-124.05294
27604 R LANE,46.502563,-124.04742
29014 S LANE,46.512398,-124.04584
618 BRADFORD STREET,46.67854,-123.746826
35208 I PLACE,46.52084,-124.05502
30909 SANDRIDGE RD,46.52591,-124.03075
28218 W LANE,46.507153,-124.04147
34810 STACKPOLE ROAD,46.56984,-124.03436
327 JOE ROCKY ROAD,46.662804,-123.732956
108 28TH ST NW,46.373554,-124.05375
699 STATE ROUTE 4,46.37886,-123.81048
501 SHOREVIEW DR S #403,46.34808,-124.05819
420 12TH STREET,46.687107,-123.72298
1144 HOWARD STREET,46.69405,-123.747246
19405 K PLACE,46.442665,-124.056009
27604 R LANE,46.502563,-124.04742
1089 STATE RT 4,46.363392,-123.767499
17010 SANDRIDGE ROAD,46.42468,-124.02102
1235 MILL STREET,46.695072,-123.73709
802 COMMERCIAL STREET,46.685623,-123.72725
4914 113TH STREET,46.383553,-124.02153
619 BARNHART STREET,46.678288,-123.74205
2987 STATE RT 6,46.551624,-123.53151
1148 PAULDING STREET,46.67257,-123.68292
24618 BIRCH PL,46.47973,-124.037094
2610 SEA CREST AVE N,46.371774,-124.054167
13208 N PACIFIC WAY,46.39721,-124.05294
29408 O STREET,46.514576,-124.049644
1 ULLAKKO RD,46.35097,-123.81263
2489 STATE ROUTE 105,46.784063,-124.085424
2708 SEA CREST AVENUE,46.372843,-124.054118
925 HOWARD STREET,46.692142,-123.74659
33007 I STREET,46.540977,-124.05554
1158 BALLENTINE ST,46.671623,-123.74071
6407 V PLACE,46.34852,-124.044945
56 AIRPORT ROAD,46.68467,-123.783066
1107 LAKE STREET,46.6727,-123.71686
16710 PACIFIC WAY,46.36676,-124.05374
30408 J PL,46.52259,-124.05433
2998 ALEXSON ROAD,46.765533,-124.080505
32306 H PL,46.514294,-124.056725
24204 ASH PL,46.477432,-124.03792
2209 266TH PLACE,46.494843,-124.04276
1155 PAULDING STREET,46.672886,-123.682915
3900 199TH CT,46.44437,-124.02793
1108 303RD PLACE,46.521534,-124.052666
28517 U STREET,46.508896,-124.04377
6885 US HWY 101,46.61744,-123.91548
33705 J PL,46.54562,-124.05418
93 ALEXANDER ROAD,46.658295,-123.66131
2625 OLDANI RD,46.66844,-123.69793
140 KNAPPTON ROAD,46.350296,-123.81292
1608 OREGON AVE N,46.3629,-124.052666
13802 SANDRIDGE RD,46.40239,-124.02328
1112 WASHINGTON AVENUE N,46.360535,-124.05204
37 BALE ROAD,46.684013,-123.778206
4014 L PL,46.331795,-124.05587
33705 J PL,46.54562,-124.05418
750 BALLENTINE STREET,46.676697,-123.74079
22306 BIRCH PLACE,46.463913,-124.037224
611 LINCOLN,46.678593,-123.74102
2209 SID SNYDER DRIVE,46.3458146,-124.0452055
53 STAUFFER ROAD,46.598316,-123.62409
6900 SANDRIDGE ROAD,46.352757,-124.03117
1010 WILLAPA FIRST,46.673839,-123.668618
1212 266TH PL,46.495148,-124.05249
527 MCKINLEY AVE,46.672287,-123.74017
20209 CRANE PL,46.448338,-124.03761
2704 240TH PLACE,46.47614,-124.038185
610 BARNHART STREET,46.678375,-123.742065
23807 K PLACE,46.47508,-124.05555
602 BARNHART STREET,46.67846,-123.742065
30016 M PLACE,46.51989,-124.05174
20524 CRANE PLACE,46.45045,-124.037735
126 NEMAH VALLEY ROAD,46.515114,-123.84776
34808 G ST,46.555122,-124.05907
26215 SANDRIDGE ROAD,46.4922,-124.03373
645 BARNHART ST,46.678013,-123.74205
2777 EMERSON AVENUE,46.54212,-123.50216
24530 V LN,46.479614,-124.04339
745 BARNHART ST,46.67676,-123.742035
1487 ANDERSON LANE,46.697067,-123.738884
959 BARNHART STREET,46.67408,-123.742
1 ULLAKKO RD,46.35097,-123.81263
7601 US HWY 101,46.67748,-123.91489
21609 SANDRIDGE ROAD,46.458286,-124.02962
90 RICHTER ROAD,46.62344,-123.66036
276 STATE RT 6,46.672306,-123.69948
818 FIR STREET,46.68224,-123.748405
1305 PARK AVE,46.693684,-123.74649
2722 234TH LN,46.471,-124.03788
5409 SCHOOL ST,46.67641,-123.66626
2810 219TH ST,46.46044,-124.03713
1386 PAULDING ST,46.67066,-123.68198
24902 J PLACE,46.48227,-124.055466
168 STAUFFER ROAD,46.586906,-123.62136
4404 SANDRIDGE RD,46.3350587,-124.0435644
4900 WILLAPA ROAD,46.670757,-123.67135
1420 PORTOLA AVENUE,46.697334,-123.74239
817 STATE ROUTE 4,46.376816,-123.79581
2710 224TH ST,46.464302,-124.037415
2107 208TH PLACE,46.452747,-124.04508
1172 STATE ROUTE 4,46.35672,-123.760261
1512 171ST PLACE,46.426006,-124.05259
758 MAY STREET,46.67651,-123.73829
1105 195TH ST,46.44356,-124.055511
17708 SANDRIDGE ROAD,46.431534,-124.02214
2601 250TH ST,46.482944,-124.039856
4304 166TH LN,46.421978,-124.02391
31512 J PLACE,46.530373,-124.05393
743 ELM STREET,46.676712,-123.74705
2541 EVERGREEN PARK ROAD,46.781693,-124.07907
208 SW 11TH ST,46.345487,-124.055982
2812 NORTH RIVER ROAD,46.775005,-123.48059
4 ROBERTSON ROAD,46.562927,-123.560646
2403 265TH PLACE,46.494213,-124.04123
24004 GILE LANE,46.47654,-124.030655
27618 X LANE,46.502098,-124.04036
930 DIVISION STREET,46.6747398,-123.7143611
9801 ELM LN,46.37291,-124.03694
1357 GRUHN ROAD,46.669674,-123.694496
29715 K STREET,46.518757,-124.05408
1122 HOWARD STREET,46.693863,-123.74724
142 SOUTH FORK ROAD,46.633033,-123.673104
375 MONOHON LANDING ROAD,46.69052,-123.69655
862 SMITH CREEK RD,46.751449,-123.650451
2006 224TH PLACE,46.464447,-124.04585
24 MOORE ROAD,46.623695,-123.950615
261 CAMP ONE ROAD,46.65848,-123.66875
2323 HECKARD ROAD,46.658745,-123.681
239 25TH STREET NW,46.370149,-124.060935
218 STATE ROUTE 6,46.675404,-123.70463
3267 SMITH ANDERSON ROAD,46.75506,-124.066635
727 MC KINLEY AVENUE,46.672264,-123.74237
15007 SANDRIDGE ROAD,46.411026,-124.022446
202 16TH ST S,46.34197,-124.05573
13406 N PLACE,46.3994667,-124.0530492
2380 STATE ROUTE 6,46.67573,-123.705315
21310 BIRCH PL,46.456333,-124.037834
10430 US HWY 101,46.761677,-123.754456
3010 STATE RT 6,46.544247,-123.476494
20102 S ST,46.447723,-124.0475
48 UPPER NASELLE RD,46.367596,-123.77097
231 14TH STREET,46.685326,-123.72082
4304 166TH LN,46.421978,-124.02391
19405 K PLACE,46.442665,-124.056009
716 PLUM STREET,46.676308,-123.71971
20401 BIRCH LN,46.44874,-124.03903
5811 SANDRIDGE ROAD,46.34428,-124.04146
807 324TH PL,46.536995,-124.04989
1361 ANDREW STREET,46.671448,-123.69278
5409 SCHOOL ST,46.67641,-123.66626
2700 235TH LANE,46.47167,-124.03822
431 STRINGTOWN ROAD,46.321594,-124.00928
3508 102ND STREET,46.375427,-124.03216
30700 M PL,46.52428,-124.051254
811 352ND PLACE,46.556965,-124.05872
3721 TAMERACK ST,46.73979,-124.0809
274 NORTH VALLEY RD,46.373707,-123.76026
261 CAMP ONE ROAD,46.65848,-123.66875
29007 N STREET,46.512524,-124.050804
5501 SANDRIDGE ROAD,46.34239,-124.0419
1755 NELSON ROAD,46.66548,-123.694405
34 BREEN ROAD,46.539303,-123.46986
1275 UDELL-HANSEN ROAD,46.764965,-124.07343
29318 S LANE,46.514668,-124.04576
218 STATE ROUTE 6,46.675404,-123.70463
1603 PARK AVE,46.69372,-123.74295
31512 J PLACE,46.530373,-124.05393
24908 PARK AVENUE,46.48301,-124.05136
28909 V LN,46.51149,-124.042465
5411 SANDRIDGE ROAD,46.34143,-124.04214
21107 PACIFIC WAY,46.455173,-124.05297
568 FOWLER ST,46.67907,-123.73955
1635 LARSON ROAD,46.667606,-123.69131
1907 321ST PLACE,46.53479,-124.04547
1810 229TH PLACE,46.468155,-124.047455
6811 ORTELIUS DR,46.31872,-124.00787
1311 264TH PLACE,46.493713,-124.05179
858 BALLENTINE,46.675327,-123.74078
1515 177TH STREET,46.43015,-124.052345
23812 J PLACE,46.513123,-124.05483
1313 TOWER AVENUE,46.687515,-123.72212
623 CHERRY STREET,46.678276,-123.721
136 WILSON LANE,46.639034,-123.934395
521 BALLENTINE ST,46.679756,-123.740814
33609 I STREET,46.54553,-124.055435
1234 QUINCY STREET,46.67561,-123.781624
4466 TRESIZE ROAD,46.679344,-123.68211
13406 TEAL LANE,46.39895,-124.02029
29509 G ST,46.51622,-124.05706
302 BAY CENTER ROAD,46.608074,-123.953606
1135 WATER STREET,46.69412,-123.73826
1105 WILLAPA STREET,46.69384,-123.74184
24506 P STREET,46.47972,-124.049965
757 WILLAPA RD,46.677057,-123.668925
2625 OLDANI RD,46.66844,-123.69793
2810 219TH ST,46.46044,-124.03713
2902 REDDING RD,46.7681,-124.0729
813 BLAKE STREET,46.68467,-123.72721
555 MUELLER STREET,46.677654,-123.707375
964 STATE ROUTE 4,46.675518,-123.76342
1033 QUINCY STREET,46.672707,-123.7849
110 SOUTH BEND PALIX ROAD,46.61254,-123.9067
550 FOWLER ST,46.679306,-123.739555
618 BRADFORD STREET,46.67854,-123.746826
853 STATE RT 101,46.280334,-123.951272
27309 SANDRIDGE ROAD,46.499702,-124.03348
4401 166TH LN,46.422,-124.02272
34810 G STREET,46.55515,-124.05907
1104 WILLAPA STREET,46.69384,-123.74185
4 VIKING WAY,46.624496,-123.65088
2104 HENKLE STREET,46.678347,-123.709158
5301 SCHOOL STREET,46.67642,-123.66722
209 12TH STREET,46.684837,-123.72294
564 ELM ST,46.67877,-123.74709
30016 U PLACE,46.519753,-124.04309
102 LEBAM ROAD,46.562958,-123.56392
29408 O STREET,46.514576,-124.049644
1026 BALLENTINE STREET,46.67325,-123.74075
29509 G ST,46.51622,-124.05706
5650 US HWY 101,46.511112,-123.885994
303 8TH STREET,46.685722,-123.727356
3765 LARKIN ROAD,46.739918,-124.07494
2603 SEA CREST AVENUE N,46.371251,-124.054725
1135 LINDGREN ROAD,46.771385,-124.0801
1112 STATE ROUTE 4,46.360534,-123.767122
30408 J PL,46.52259,-124.05433
1120 WILLAPA STREET,46.693974,-123.74185
950 STATE ROUTE 4,46.675613,-123.76342
385 MONOHON LANDING ROAD,46.690704,-123.69438
840 WILLAPA FIRST ST,46.675808,-123.6684
142 S VALLEY RD,46.367207,-123.798454
27895 Y PLACE,46.503487,-124.039375
140 KNAPPTON ROAD,46.350296,-123.81292
26109 Z STREET,46.49059,-124.03906
27229 U STREET,46.499836,-124.044
8005 SANDRIDGE ROAD,46.360344,-124.02886
1305 145TH PL,46.40738,-124.05429
1035 BRADFORD STREET,46.673065,-123.745766
1119 DURYEA ST,46.68665,-123.72379
1909 196TH ST,46.44373,-124.04857
1320 LARCH STREET,46.69601,-123.73948
16 WILLIAMS CREEK ROAD,46.520226,-123.877235
33406 G STREET,46.544033,-124.05837
735 FOWLER STREET,46.676865,-123.73951
312 8TH STREET SOUTH,46.3470725,-124.0518445
2718 232ND LN,46.47007,-124.04369
28602 X LANE,46.510147,-124.040306
1303 UDELL-HANSEN RD,46.76508,-124.07192
3199 WILLAPA RD,46.672462,-123.696236
131 HYLAND STRINGER ROAD,46.58434,-123.65031
1105 195TH ST,46.44356,-124.055511
945 CLAY STREET,46.674607,-123.7181
50 HINES VALLEY ROAD,46.686554,-123.780754
1310 216TH LANE,46.458454,-124.05499
703 BRADFORD ST,46.677105,-123.74581
5404 SANDRIDGE ROAD,46.341377,-124.04214
727 MC KINLEY AVENUE,46.6725574,-123.7428446
501 ELK PRAIRIE ROAD,46.538044,-123.478075
26215 SANDRIDGE ROAD,46.4922,-124.03373
13406 N PLACE,46.3994667,-124.0530492
1911 CALIFORNIA AVENUE S,46.339775,-124.05563
3105 318TH STREET,46.53417,-124.03222
29204 T LN,46.514156,-124.04474
610 BARNHART STREET,46.678375,-123.742065
261 CAMP ONE ROAD,46.65848,-123.66875
22306 BIRCH PLACE,46.463913,-124.037224
1235 MILL STREET,46.695072,-123.73709
205 14TH STREET,46.685223,-123.72081
362 STATE ROUTE 6,46.66751,-123.69376
33505 H PLACE,46.542355,-124.05602
12415 PACIFIC WAY,46.386574,-124.05285
44 MEADOW LN,46.741005,-123.73321
1310 216TH LANE,46.458454,-124.05499
3721 TAMERACK ST,46.73979,-124.0809
20610 CRANE PL,46.451344,-124.03769
1504 PARK AVENUE,46.6937,-123.7441
27840 Y PLACE,46.503757,-124.03935
20401 BIRCH LN,46.44874,-124.03903
26915 PARK AVENUE,46.497444,-124.05268
620 LINCOLN AVE,46.67858,-123.74113
1015 227TH LN #150,46.467056,-124.055534
2002 179TH LN,46.431778,-124.04559
29014 S LANE,46.512398,-124.04584
1810 229TH PLACE,46.468155,-124.047455
1704 200TH LANE,46.44703,-124.048294
311 PIONEER ROAD EAST,46.367542,-124.05044
30510 SANDRIDGE RD,46.522846,-124.03073
158 S FORK ROAD,46.63245,-123.67049
32203 I STREET,46.5354,-124.055435
1404 GROVE AVENUE,46.69634,-123.74533
1212 FOWLER STREET,46.67068,-123.739174
1824 198TH PL,46.445827,-124.04726
1580 134TH LANE,46.399105,-124.04885
945 CLAY STREET,46.674606,-123.7181
190 N NEMAH ROAD EAST,46.514538,-123.866745
27 PENNY LN,46.62862,-123.634796
1218 GODFREY ST,46.69538,-123.744255
852 FIR STREET,46.68182,-123.74839
6808 CHATTAM WAY,46.31756,-124.00736
2185 RAYMOND SOUTH BEND RD,46.669896,-123.760979
750 MAY ST,46.67658,-123.73829
2610 240TH PLACE,46.476143,-124.03875
705 MAY STREET,46.676983,-123.73827
654 MILL CREEK ROAD,46.62527,-123.59634
3900 199TH CT,46.44437,-124.02793
1708 266TH,46.49507,-124.04812
1581 134TH PL,46.39915,-124.052414
1829 198TH PL,46.446014,-124.046831
33410 G STREET,46.544064,-124.05838
13802 SANDRIDGE RD,46.40239,-124.02328
13406 TEAL LANE,46.39895,-124.02029
2597 NORTH RIVER ROAD,46.775665,-123.520096
1410 275TH PL,46.50175,-124.0516
30110 W ST,46.52063,-124.04163
29012 S LANE,46.512383,-124.04584
161 UPPER NASELLE ROAD,46.37134,-123.757904
35415 G STREET,46.558983,-124.0589
1404 FOWLER ROAD,46.668606,-123.73869
5739 WILSON CREEK ROAD,46.67757,-123.66305
15024 PACIFIC WAY,46.41116,-124.05219
1235 HOWARD STREET,46.694916,-123.747246
20610 CRANE PL,46.451344,-124.03769
1107 SALMON CREEK ROAD,46.407071,-123.677273
1211 LARCH ST,46.694874,-123.73946
718 ELM STREET,46.67696,-123.74706
7004 ORTELIUS DR,46.318947,-124.004326
5501 SANDRIDGE ROAD,46.34239,-124.0419
12803 Y PLACE,46.3950298,-124.0416206
35 MAPLE LEAF STREET,46.626293,-123.65368
55 GILES LN,46.693638,-123.85282
2002 HENKLE STREET,46.677933,-123.71014
30500 J PLACE,46.523285,-124.05435
322 13TH STREET,46.68596,-123.72189
50 BALE ROAD,46.684258,-123.77819
1112 STATE ROUTE 4,46.36112,-123.76572
56 AIRPORT ROAD,46.68467,-123.783066
25006 Z PL,46.483757,-124.038734
889 CHINOOK VALLEY RD,46.322605,-123.99286
1112 STATE ROUTE 4,46.360534,-123.767122
1907 321ST PLACE,46.53479,-124.04547
1172 STATE RT 4,46.35672,-123.760261
31512 J PLACE,46.530373,-124.05393
3698 LARKIN RD,46.73991,-124.07691
102 LEBAM ROAD,46.562958,-123.56392
13807 BIRCH ST,46.401768,-124.03913
2803 231ST LANE,46.468918,-124.03759
889 CHINOOK VALLEY RD,46.322605,-123.99286
237 14TH STREET,46.68535,-123.72082
31307 SANDRIDGE ROAD,46.52935,-124.03069
1345 BELMONT RD,46.67202,-123.69142
29008 M LANE,46.512367,-124.05202
13802 SANDRIDGE RD,46.40239,-124.02328
2905 212TH LN,46.455585,-124.03728
130 NORTH VALLEY RD,46.37198,-123.77028
727 MC KINLEY AVENUE,46.6725574,-123.7428446
2879 STATE ROUTE 6,46.541103,-123.4989
1110 187TH PLACE,46.437744,-124.054405
508 OSTMAN ROAD,46.66867,-123.73932
5404 SANDRIDGE ROAD,46.341377,-124.04214
1308 FOWLER,46.669346,-123.739728
29716 H STREET,46.5182,-124.056177
7207 CAPT GRAY DR,46.316505,-124.00326
1137 STATE ROUTE 4,46.359882,-123.76384
